選手名,試合,打席,打数,得点,安打,二塁打,三塁打,本塁打,塁打,打点,盗塁,盗塁刺,四球,死球,三振,併殺打,打率,出塁率,長打率,犠打,犠飛,所属球団,年度,年齢
甲斐　拓也,139,420,366,35,74,16,1,10,122,44,0,0,31,3,117,5,0.202,0.269,0.333,18,2,福岡ソフトバンク,2023,32
小林　誠司,21,9,8,0,1,0,0,0,1,0,0,0,0,0,0,0,0.125,0.125,0.125,1,0,読　売,2023,35
大城　卓三,134,490,424,50,119,20,1,16,189,55,0,0,36,5,109,12,0.281,0.341,0.446,21,4,読　売,2023,31
岸田　行倫,46,72,68,5,17,2,0,2,25,3,0,0,2,1,12,4,0.25,0.282,0.368,1,0,読　売,2023,28
郡　拓也,7,15,15,2,4,1,0,0,5,0,1,0,0,0,1,0,0.267,0.267,0.333,0,0,北海道日本ハム,2023,26
山瀬　慎之助,5,7,7,1,1,0,0,0,1,0,0,0,0,0,3,0,0.143,0.143,0.143,0,0,読　売,2023,23
増田　大輝,33,13,10,4,3,1,0,0,4,1,4,2,1,0,3,0,0.3,0.364,0.4,2,0,読　売,2023,31
吉川　尚輝,132,478,430,47,110,19,4,7,158,36,4,4,26,8,66,12,0.256,0.308,0.367,11,3,読　売,2023,29
門脇　誠,126,348,316,34,83,12,1,3,106,21,11,5,18,0,58,4,0.263,0.302,0.335,14,0,読　売,2023,23
坂本　勇人,116,455,403,46,116,29,0,22,211,60,2,0,45,2,84,5,0.288,0.361,0.524,3,2,読　売,2023,35
岡本　和真,140,589,503,83,140,31,0,41,294,93,0,1,72,8,111,10,0.278,0.374,0.584,0,6,読　売,2023,28
中山　礼都,78,147,138,9,33,5,1,0,40,3,5,1,7,0,30,5,0.239,0.276,0.29,2,0,読　売,2023,22
リチャード,22,64,61,2,7,1,0,0,8,1,0,0,2,1,25,0,0.115,0.156,0.131,0,0,福岡ソフトバンク,2023,25
秋広　優人,121,439,406,36,111,18,2,10,163,41,0,1,26,2,79,9,0.273,0.318,0.401,2,3,読　売,2023,22
長野　久義,75,176,158,15,41,7,1,6,68,19,1,1,17,0,40,2,0.259,0.33,0.43,0,1,読　売,2023,39
丸　佳浩,121,431,385,43,94,11,0,18,159,47,4,2,42,0,62,5,0.244,0.316,0.413,1,3,読　売,2023,35
萩尾　匡也,11,16,16,0,1,0,0,0,1,0,0,0,0,0,10,0,0.063,0.063,0.063,0,0,読　売,2023,23
岡田　悠希,26,52,48,4,8,1,0,1,12,2,0,0,3,0,14,1,0.167,0.216,0.25,1,0,読　売,2023,24
重信　慎之介,67,57,51,16,8,0,0,0,8,1,10,4,5,0,16,1,0.157,0.232,0.157,1,0,読　売,2023,31
オコエ　瑠偉,41,127,119,11,28,7,0,2,41,6,1,1,5,2,35,1,0.235,0.278,0.345,1,0,読　売,2023,27
浅野　翔吾,24,41,40,2,10,1,0,1,14,2,0,2,1,0,14,0,0.25,0.268,0.35,0,0,読　売,2023,20
若林　楽人,36,94,90,7,22,5,1,1,32,7,4,2,2,0,30,2,0.244,0.261,0.356,2,0,埼玉西武,2023,26
嶺井　博希,44,39,34,3,7,2,0,2,15,6,0,0,0,1,10,1,0.206,0.222,0.441,3,1,福岡ソフトバンク,2023,33
谷川原　健太,61,46,43,8,10,1,0,0,11,3,2,1,3,0,12,0,0.233,0.283,0.256,0,0,福岡ソフトバンク,2023,27
海野　隆司,8,2,1,0,0,0,0,0,0,0,0,0,0,0,0,1,0,0,0,1,0,福岡ソフトバンク,2023,27
川瀬　晃,102,208,178,25,42,7,3,0,55,15,2,2,9,2,23,3,0.236,0.279,0.309,18,1,福岡ソフトバンク,2023,27
山川　穂高,17,62,59,3,15,4,0,0,19,5,0,0,3,0,17,1,0.254,0.29,0.322,0,0,埼玉西武,2023,33
今宮　健太,126,484,427,38,109,22,0,9,158,48,4,0,27,2,58,14,0.255,0.3,0.37,24,4,福岡ソフトバンク,2023,33
牧原　大成,91,387,359,40,93,13,1,2,114,32,3,2,11,5,66,6,0.259,0.287,0.318,7,5,福岡ソフトバンク,2023,32
周東　佑京,114,268,237,52,57,5,1,2,70,17,36,7,20,3,56,3,0.241,0.307,0.295,7,1,福岡ソフトバンク,2023,28
栗原　陵矢,96,387,352,24,84,14,0,13,137,49,0,1,28,4,81,6,0.239,0.301,0.389,1,2,福岡ソフトバンク,2023,28
井上　朋也,15,41,38,3,10,2,0,1,15,3,0,0,3,0,10,0,0.263,0.317,0.395,0,0,福岡ソフトバンク,2023,21
リチャード,22,64,61,2,7,1,0,0,8,1,0,0,2,1,25,0,0.115,0.156,0.131,0,0,福岡ソフトバンク,2023,25
秋広　優人,121,439,406,36,111,18,2,10,163,41,0,1,26,2,79,9,0.273,0.318,0.401,2,3,読　売,2023,22
野村　勇,50,95,81,14,13,2,0,3,24,7,1,0,8,4,33,0,0.16,0.266,0.296,1,1,福岡ソフトバンク,2023,27
近藤　健介,143,613,492,75,149,33,0,26,260,87,3,4,109,6,117,7,0.303,0.431,0.528,0,6,福岡ソフトバンク,2023,31
中村　晃,136,585,511,52,140,13,2,5,172,37,0,2,60,3,53,8,0.274,0.351,0.337,7,4,福岡ソフトバンク,2023,35
柳田　悠岐,143,625,546,57,163,29,3,22,264,85,1,0,64,9,97,9,0.299,0.378,0.484,0,6,福岡ソフトバンク,2023,36
佐藤　直樹,41,31,30,6,5,1,0,1,9,2,3,1,0,0,16,0,0.167,0.167,0.3,1,0,福岡ソフトバンク,2023,26
正木　智也,15,30,26,2,1,0,0,0,1,1,0,0,3,1,10,0,0.038,0.167,0.038,0,0,福岡ソフトバンク,2023,25
柳町　達,116,375,311,27,80,18,1,0,100,34,2,1,58,1,104,8,0.257,0.375,0.322,4,1,福岡ソフトバンク,2023,27
川原田　純平,2,1,1,0,0,0,0,0,0,0,0,0,0,0,0,0,0,0,0,0,0,福岡ソフトバンク,2023,22
生海,13,21,20,2,4,0,0,0,4,0,0,0,1,0,5,0,0.2,0.238,0.2,0,0,福岡ソフトバンク,2023,24
梅野　隆太郎,72,251,217,17,42,4,0,1,49,19,3,1,28,2,56,6,0.194,0.288,0.226,1,3,阪　神,2023,33
坂本　誠志郎,84,289,243,10,55,5,1,0,62,21,0,0,19,4,62,4,0.226,0.288,0.255,18,5,阪　神,2023,31
榮枝　裕貴,2,4,3,0,1,0,0,0,1,0,0,0,0,0,1,0,0.333,0.333,0.333,1,0,阪　神,2023,26
長坂　拳弥,10,12,9,0,2,0,0,0,2,0,0,0,0,0,3,0,0.222,0.222,0.222,3,0,阪　神,2023,30
木浪　聖也,127,470,408,41,109,22,1,1,136,41,0,0,31,4,103,13,0.267,0.32,0.333,20,7,阪　神,2023,30
大山　悠輔,143,625,513,80,148,29,0,19,234,78,3,3,99,5,120,13,0.288,0.403,0.456,0,8,阪　神,2023,29
熊谷　敬宥,26,9,6,7,2,0,0,0,2,0,3,1,2,0,2,0,0.333,0.5,0.333,1,0,阪　神,2023,29
佐藤　輝明,132,548,486,70,128,30,6,24,242,92,7,5,54,4,139,4,0.263,0.339,0.498,0,4,阪　神,2023,25
渡邉　諒,59,85,79,8,14,4,0,2,24,10,0,0,5,0,18,5,0.177,0.224,0.304,0,1,阪　神,2023,29
糸原　健斗,69,83,72,1,17,1,0,0,18,5,0,0,9,2,16,1,0.236,0.337,0.25,0,0,阪　神,2023,32
小幡　竜平,47,91,78,12,22,1,1,0,25,8,3,1,8,0,23,0,0.282,0.349,0.321,5,0,阪　神,2023,24
中野　拓夢,143,660,575,80,164,17,5,2,197,40,20,12,57,2,107,5,0.285,0.349,0.343,21,5,阪　神,2023,28
植田　海,28,3,1,9,0,0,0,0,0,0,4,0,1,0,0,0,0,0.5,0,1,0,阪　神,2023,28
原口　文仁,54,56,52,2,10,1,0,2,17,8,0,0,3,1,18,2,0.192,0.25,0.327,0,0,阪　神,2023,32
森下　翔太,94,377,333,42,79,14,1,10,125,41,1,0,29,11,70,6,0.237,0.316,0.375,0,4,阪　神,2023,24
近本　光司,129,585,501,83,143,24,12,8,215,54,28,3,67,12,71,6,0.285,0.379,0.429,0,5,阪　神,2023,30
井上　広大,13,37,35,3,8,2,1,0,12,7,0,0,2,0,18,0,0.229,0.27,0.343,0,0,阪　神,2023,23
島田　海吏,101,121,110,12,16,0,1,1,21,6,7,1,7,3,26,4,0.145,0.217,0.191,1,0,阪　神,2023,28
楠本　泰史,94,176,157,14,30,9,0,2,45,21,0,0,11,3,35,2,0.191,0.253,0.287,2,3,横浜DeNA,2023,29
前川　右京,33,107,94,6,24,3,2,0,31,7,0,2,9,4,25,1,0.255,0.346,0.33,0,0,阪　神,2023,21
小野寺　暖,43,83,75,8,26,2,2,0,32,11,0,0,7,0,12,0,0.347,0.402,0.427,1,0,阪　神,2023,26
マルティネス,119,444,386,39,95,24,0,15,164,66,0,4,44,11,99,15,0.246,0.338,0.425,0,3,北海道日本ハム,2023,28
清水　優心,32,60,50,3,13,1,0,0,14,5,1,0,4,0,13,1,0.26,0.315,0.28,6,0,北海道日本ハム,2023,28
伏見　寅威,89,251,229,13,46,5,0,3,60,12,0,0,8,4,42,4,0.201,0.241,0.262,10,0,北海道日本ハム,2023,34
古川　裕大,17,47,43,2,8,4,0,0,12,4,0,0,1,0,15,1,0.186,0.196,0.279,1,2,北海道日本ハム,2023,26
郡司　裕也,1,1,1,0,0,0,0,0,0,0,0,0,0,0,0,0,0,0,0,0,0,中　日,2023,26
郡司　裕也,55,187,169,15,43,4,0,3,56,19,2,1,16,0,30,4,0.254,0.319,0.331,2,0,北海道日本ハム,2023,26
吉田　賢吾,1,1,1,0,0,0,0,0,0,0,0,0,0,0,1,0,0,0,0,0,0,福岡ソフトバンク,2023,23
田宮　裕涼,10,31,31,4,8,1,0,2,15,9,2,0,0,0,7,0,0.258,0.258,0.484,0,0,北海道日本ハム,2023,24
梅林　優貴,7,6,6,0,3,0,0,0,3,0,0,0,0,0,1,1,0.5,0.5,0.5,0,0,北海道日本ハム,2023,26
上川畑　大悟,108,346,293,16,62,5,1,0,69,18,3,4,34,6,51,5,0.212,0.305,0.235,12,1,北海道日本ハム,2023,27
野村　佑希,125,473,423,42,100,21,1,13,162,43,4,1,42,4,112,3,0.236,0.309,0.383,0,4,北海道日本ハム,2023,24
中島　卓也,17,32,29,3,6,0,0,0,6,2,2,1,2,0,5,0,0.207,0.258,0.207,1,0,北海道日本ハム,2023,33
清宮　幸太郎,99,416,356,41,87,20,1,10,139,41,2,2,53,3,69,6,0.244,0.344,0.39,0,4,北海道日本ハム,2023,25
石井　一成,36,100,83,8,14,3,2,0,21,4,3,0,14,0,27,0,0.169,0.289,0.253,3,0,北海道日本ハム,2023,30
有薗　直輝,1,5,5,0,0,0,0,0,0,0,0,0,0,0,4,0,0,0,0,0,0,北海道日本ハム,2023,21
水野　達稀,31,62,56,1,9,4,1,0,15,6,1,1,4,0,21,0,0.161,0.213,0.268,1,1,北海道日本ハム,2023,24
若林　晃弘,21,18,16,3,2,0,0,0,2,0,1,0,2,0,5,0,0.125,0.222,0.125,0,0,読　売,2023,31
細川　凌平,60,112,97,11,21,5,1,1,31,10,1,2,7,0,26,0,0.216,0.269,0.32,8,0,北海道日本ハム,2023,22
奈良間　大己,65,196,181,20,44,12,2,2,66,15,2,2,8,3,50,4,0.243,0.285,0.365,3,1,北海道日本ハム,2023,24
松本　剛,134,561,507,51,140,16,2,3,169,30,12,12,37,7,57,11,0.276,0.332,0.333,7,3,北海道日本ハム,2023,31
淺間　大基,13,38,36,2,8,3,1,0,13,4,0,0,1,0,10,1,0.222,0.243,0.361,1,0,北海道日本ハム,2023,28
五十幡　亮汰,70,205,193,23,44,2,3,0,52,6,17,6,4,2,50,1,0.228,0.251,0.269,6,0,北海道日本ハム,2023,26
今川　優馬,28,69,61,7,12,1,0,0,13,1,3,0,6,2,17,0,0.197,0.29,0.213,0,0,北海道日本ハム,2023,27
万波　中正,141,582,533,69,141,33,0,25,249,74,2,1,41,4,138,12,0.265,0.321,0.467,2,2,北海道日本ハム,2023,24
木下　拓哉,89,315,278,19,66,15,0,5,96,26,0,0,30,1,55,4,0.237,0.313,0.345,5,1,中　日,2023,32
宇佐見　真吾,9,16,15,0,0,0,0,0,0,0,0,0,1,0,4,0,0,0.063,0,0,0,北海道日本ハム,2023,31
宇佐見　真吾,69,226,206,12,58,6,0,3,73,14,0,0,17,1,47,4,0.282,0.339,0.354,2,0,中　日,2023,31
味谷　大誠,6,7,7,2,2,0,0,0,2,0,0,0,0,0,1,0,0.286,0.286,0.286,0,0,中　日,2023,21
加藤　匠馬,10,8,8,0,0,0,0,0,0,0,0,0,0,0,3,0,0,0,0,0,0,中　日,2023,32
山浅　龍之介,7,2,2,1,0,0,0,0,0,0,0,0,0,0,0,0,0,0,0,0,0,中　日,2023,20
石橋　康太,39,77,70,7,18,6,0,2,30,9,0,0,1,0,7,0,0.257,0.268,0.429,6,0,中　日,2023,23
高橋　周平,86,172,158,1,34,6,0,0,40,14,1,0,11,1,41,5,0.215,0.271,0.253,2,0,中　日,2023,30
カリステ,47,172,163,13,38,8,0,5,61,13,0,2,7,0,36,7,0.233,0.265,0.374,2,0,中　日,2023,32
村松　開人,98,304,275,20,57,4,1,1,66,20,1,2,15,2,49,2,0.207,0.252,0.24,10,2,中　日,2023,23
中田　翔,92,288,263,27,67,8,1,15,122,37,0,0,19,2,63,10,0.255,0.306,0.464,0,4,読　売,2023,35
福永　裕基,97,325,291,30,70,16,1,2,94,15,2,2,20,2,62,9,0.241,0.289,0.323,7,5,中　日,2023,28
石川　昂弥,121,464,434,32,105,27,0,13,171,45,0,0,22,4,69,10,0.242,0.282,0.394,0,4,中　日,2023,23
土田　龍空,114,304,273,16,51,3,2,1,61,18,2,1,15,2,59,5,0.187,0.233,0.223,12,2,中　日,2023,21
板山　祐太郎,12,17,17,1,1,0,0,0,1,0,0,0,0,0,7,1,0.059,0.059,0.059,0,0,阪　神,2023,30
佐藤　龍世,91,257,209,27,55,9,3,3,79,16,2,1,42,2,41,6,0.263,0.39,0.378,3,1,埼玉西武,2023,27
樋口　正修,7,3,3,1,0,0,0,0,0,0,0,1,0,0,1,0,0,0,0,0,0,中　日,2023,26
岡林　勇希,143,633,584,61,163,21,10,3,213,31,12,8,39,0,89,11,0.279,0.324,0.365,9,1,中　日,2023,22
大島　洋平,130,494,470,34,136,17,2,0,157,23,6,1,15,5,43,7,0.289,0.316,0.334,1,3,中　日,2023,39
ブライト　健太,33,68,58,6,14,0,2,0,18,4,2,0,6,1,20,0,0.241,0.323,0.31,3,0,中　日,2023,25
川越　誠司,12,38,30,2,4,0,0,1,7,5,0,0,6,1,13,0,0.133,0.297,0.233,1,0,埼玉西武,2023,31
川越　誠司,18,36,33,3,7,1,0,0,8,1,0,0,3,0,8,1,0.212,0.278,0.242,0,0,中　日,2023,31
上林　誠知,56,99,92,14,17,3,1,0,22,9,1,1,3,1,30,1,0.185,0.216,0.239,2,1,福岡ソフトバンク,2023,29
駿太,52,51,44,3,8,3,0,0,11,6,0,0,5,0,18,0,0.182,0.26,0.25,1,1,中　日,2023,31
細川　成也,140,576,518,62,131,30,1,24,235,78,0,0,49,8,161,17,0.253,0.326,0.454,0,1,中　日,2023,26
鵜飼　航丞,41,94,91,7,13,1,0,3,23,5,1,1,2,1,31,1,0.143,0.17,0.253,0,0,中　日,2023,25
松川　虎生,9,18,16,1,3,0,0,0,3,1,0,0,1,0,4,1,0.188,0.235,0.188,1,0,千葉ロッテ,2023,21
田村　龍弘,78,214,181,6,30,3,0,2,39,19,0,1,13,2,38,3,0.166,0.226,0.215,15,3,千葉ロッテ,2023,30
佐藤　都志也,103,278,239,19,52,12,1,4,78,22,0,2,22,3,45,4,0.218,0.289,0.326,12,2,千葉ロッテ,2023,26
植田　将太,4,3,3,0,0,0,0,0,0,0,0,0,0,0,2,0,0,0,0,0,0,千葉ロッテ,2023,26
柿沼　友哉,18,38,29,2,3,0,0,0,3,1,0,0,3,1,6,0,0.103,0.212,0.103,5,0,千葉ロッテ,2023,31
池田　来翔,40,118,104,17,28,6,1,2,42,8,0,0,6,3,17,1,0.269,0.327,0.404,5,0,千葉ロッテ,2023,24
友杉　篤輝,64,209,185,21,47,7,0,0,54,9,9,3,9,0,31,1,0.254,0.287,0.292,14,1,千葉ロッテ,2023,24
安田　尚憲,122,472,416,33,99,24,0,9,150,43,2,0,49,2,95,10,0.238,0.318,0.361,0,5,千葉ロッテ,2023,25
藤岡　裕大,93,380,310,34,86,20,0,1,109,22,7,2,54,4,66,4,0.277,0.389,0.352,10,2,千葉ロッテ,2023,31
中村　奨吾,137,584,508,61,112,23,0,11,168,48,3,1,52,7,89,20,0.22,0.299,0.331,13,4,千葉ロッテ,2023,32
大下　誠一郎,23,28,22,2,5,0,0,1,8,2,0,1,2,3,7,0,0.227,0.37,0.364,1,0,千葉ロッテ,2023,27
石垣　雅海,22,26,23,1,2,0,0,0,2,0,0,0,2,0,6,0,0.087,0.16,0.087,1,0,中　日,2023,26
小川　龍成,52,24,20,7,3,1,0,0,4,1,3,3,1,0,7,0,0.15,0.19,0.2,3,0,千葉ロッテ,2023,26
茶谷　健太,79,187,169,18,48,6,1,0,56,9,2,0,11,2,26,2,0.284,0.333,0.331,4,1,千葉ロッテ,2023,26
ソト,109,399,354,31,83,22,0,14,147,50,0,2,39,4,99,11,0.234,0.316,0.415,0,2,横浜DeNA,2023,35
荻野　貴司,50,203,183,19,44,8,1,1,57,19,1,0,11,6,16,4,0.24,0.302,0.311,1,2,千葉ロッテ,2023,39
藤原　恭大,103,361,328,35,78,15,2,3,106,21,5,2,18,4,78,3,0.238,0.285,0.323,10,1,千葉ロッテ,2023,24
角中　勝也,86,244,216,20,64,16,1,9,109,39,1,0,21,1,43,0,0.296,0.357,0.505,3,3,千葉ロッテ,2023,37
ポランコ,125,497,447,43,108,15,0,26,201,75,0,0,47,0,92,3,0.242,0.312,0.45,0,3,千葉ロッテ,2023,33
石川　慎吾,44,118,112,10,39,6,0,2,51,10,0,0,6,0,20,2,0.348,0.381,0.455,0,0,千葉ロッテ,2023,31
岡　大海,109,372,319,50,90,16,3,7,133,33,15,4,37,8,56,5,0.282,0.371,0.417,8,0,千葉ロッテ,2023,33
愛斗,73,267,257,19,55,18,0,4,85,15,2,5,3,2,55,7,0.214,0.228,0.331,4,1,埼玉西武,2023,27
山口　航輝,115,474,421,46,99,21,0,14,162,57,0,0,43,5,122,7,0.235,0.31,0.385,0,5,千葉ロッテ,2023,24
山本　大斗,2,7,7,0,1,0,0,0,1,0,0,0,0,0,4,1,0.143,0.143,0.143,0,0,千葉ロッテ,2023,22
和田　康士朗,80,113,98,30,26,4,2,3,43,9,20,1,9,3,32,0,0.265,0.345,0.439,3,0,千葉ロッテ,2023,25
會澤　翼,54,133,116,6,20,4,0,1,27,10,0,0,10,4,26,4,0.172,0.26,0.233,2,1,広島東洋,2023,36
坂倉　将吾,120,448,395,48,105,19,1,12,162,44,3,0,47,3,67,9,0.266,0.347,0.41,1,2,広島東洋,2023,26
磯村　嘉孝,25,32,29,2,6,1,0,1,10,4,0,0,1,1,10,2,0.207,0.258,0.345,1,0,広島東洋,2023,32
羽月　隆太郎,50,53,47,10,7,1,0,0,8,4,14,6,4,0,12,3,0.149,0.216,0.17,2,0,広島東洋,2023,24
上本　崇司,84,276,247,20,64,7,1,1,76,17,8,2,12,9,46,1,0.259,0.317,0.308,8,0,広島東洋,2023,34
田中　広輔,111,253,224,28,51,10,0,6,79,28,2,6,25,1,48,6,0.228,0.308,0.353,3,0,広島東洋,2023,35
矢野　雅哉,93,146,119,22,22,2,0,0,24,3,7,0,14,0,35,2,0.185,0.269,0.202,12,1,広島東洋,2023,25
小園　海斗,80,306,290,25,83,11,7,6,126,31,8,4,10,2,38,7,0.286,0.315,0.434,4,0,広島東洋,2023,24
堂林　翔太,100,284,260,29,71,13,0,12,120,35,1,6,19,0,72,7,0.273,0.323,0.462,5,0,広島東洋,2023,33
菊池　涼介,120,485,442,51,114,17,0,5,146,27,7,5,32,2,68,6,0.258,0.31,0.33,8,1,広島東洋,2023,34
林　晃汰,20,62,58,5,12,4,0,1,19,5,0,0,3,1,20,0,0.207,0.258,0.328,0,0,広島東洋,2023,24
韮澤　雄也,45,55,50,5,7,2,0,0,9,3,0,0,5,0,13,3,0.14,0.218,0.18,0,0,広島東洋,2023,23
山足　達也,32,27,25,7,5,1,0,0,6,0,2,0,2,0,5,1,0.2,0.259,0.24,0,0,オリックス,2023,31
秋山　翔吾,115,483,434,48,119,20,6,4,163,38,8,3,35,4,81,12,0.274,0.333,0.376,9,1,広島東洋,2023,36
野間　峻祥,108,418,371,37,106,11,1,0,119,26,5,6,33,5,51,10,0.286,0.351,0.321,8,1,広島東洋,2023,31
末包　昇大,65,146,139,16,38,6,0,11,77,27,0,0,6,1,40,5,0.273,0.308,0.554,0,0,広島東洋,2023,28
松山　竜平,79,156,143,5,36,9,0,0,45,27,0,0,10,1,27,4,0.252,0.301,0.315,0,2,広島東洋,2023,39
大盛　穂,59,71,66,10,10,2,0,1,15,5,4,3,2,2,22,1,0.152,0.2,0.227,1,0,広島東洋,2023,28
田村　俊介,10,22,22,3,8,2,0,0,10,0,0,0,0,0,6,1,0.364,0.364,0.455,0,0,広島東洋,2023,21
中村　奨成,18,20,20,2,3,0,0,0,3,0,0,1,0,0,7,0,0.15,0.15,0.15,0,0,広島東洋,2023,25
中村　貴浩,15,37,34,3,6,1,0,0,7,3,1,0,1,1,10,2,0.176,0.216,0.206,0,1,広島東洋,2023,24
太田　光,104,233,173,19,42,6,0,3,57,14,1,0,27,4,47,4,0.243,0.356,0.329,28,1,東北楽天,2023,28
安田　悠馬,53,127,110,7,24,2,0,3,35,7,0,0,16,1,25,5,0.218,0.323,0.318,0,0,東北楽天,2023,24
堀内　謙伍,3,3,2,0,1,0,0,0,1,0,0,0,1,0,0,0,0.5,0.667,0.5,0,0,東北楽天,2023,27
小深田　大翔,134,549,477,67,123,8,6,5,158,37,36,6,48,3,83,8,0.258,0.329,0.331,20,1,東北楽天,2023,29
浅村　栄斗,143,601,522,64,143,20,0,26,241,78,2,1,75,3,108,9,0.274,0.368,0.462,0,1,東北楽天,2023,34
阿部　寿樹,78,253,216,16,55,17,1,4,86,24,0,0,27,2,47,12,0.255,0.34,0.398,6,2,東北楽天,2023,34
村林　一輝,98,340,301,35,77,14,2,2,101,32,11,5,21,4,55,12,0.256,0.311,0.336,12,2,東北楽天,2023,27
鈴木　大地,101,292,250,25,61,9,1,5,87,27,0,2,24,9,36,6,0.244,0.33,0.348,7,2,東北楽天,2023,35
フランコ,95,334,312,31,69,11,0,12,116,32,0,0,21,1,52,11,0.221,0.272,0.372,0,0,東北楽天,2023,32
黒川　史陽,9,24,22,1,2,0,0,1,5,2,0,0,0,0,5,0,0.091,0.087,0.227,1,1,東北楽天,2023,23
山﨑　剛,117,307,261,29,53,6,5,2,75,19,13,6,35,3,58,9,0.203,0.303,0.287,7,1,東北楽天,2023,28
伊藤　裕季也,87,216,188,20,46,6,1,5,69,16,3,2,15,1,48,3,0.245,0.301,0.367,10,2,東北楽天,2023,28
山田　遥楓,29,46,41,1,11,2,0,0,13,1,0,0,4,1,6,0,0.268,0.348,0.317,0,0,北海道日本ハム,2023,28
渡邊　佳明,25,57,49,3,7,0,0,0,7,3,0,0,5,0,7,3,0.143,0.222,0.143,3,0,東北楽天,2023,27
辰己　涼介,133,495,434,45,114,16,5,9,167,43,13,4,40,12,99,3,0.263,0.341,0.385,8,1,東北楽天,2023,27
田中　和基,95,41,34,22,3,0,0,2,9,3,3,2,5,0,13,1,0.088,0.205,0.265,2,0,東北楽天,2023,30
岡島　豪郎,114,410,361,33,96,20,0,6,134,43,3,2,33,3,67,10,0.266,0.327,0.371,5,7,東北楽天,2023,35
島内　宏明,104,369,322,21,76,13,0,7,110,38,2,0,41,3,41,5,0.236,0.325,0.342,0,3,東北楽天,2023,34
小郷　裕哉,120,441,390,53,102,16,3,10,154,49,13,8,36,1,85,3,0.262,0.321,0.395,8,6,東北楽天,2023,28
古賀　優大,38,80,68,10,20,1,0,1,24,2,0,0,8,1,6,2,0.294,0.377,0.353,3,0,東京ヤクルト,2023,26
中村　悠平,106,376,310,24,70,14,0,4,96,33,0,1,33,8,59,6,0.226,0.313,0.31,21,4,東京ヤクルト,2023,34
松本　直樹,3,6,6,0,0,0,0,0,0,0,0,0,0,0,0,1,0,0,0,0,0,東京ヤクルト,2023,31
内山　壮真,94,269,240,20,55,12,1,6,87,27,3,0,19,2,37,7,0.229,0.29,0.363,7,1,東京ヤクルト,2023,22
赤羽　由紘,29,27,23,5,4,0,0,1,7,3,0,0,1,1,12,0,0.174,0.231,0.304,1,1,東京ヤクルト,2023,24
山田　哲人,105,422,376,43,87,21,3,14,156,40,4,0,39,3,102,8,0.231,0.306,0.415,0,4,東京ヤクルト,2023,32
川端　慎吾,80,105,94,4,30,3,0,2,39,16,0,0,9,1,10,4,0.319,0.385,0.415,1,0,東京ヤクルト,2023,37
長岡　秀樹,135,488,445,43,101,19,1,3,131,35,4,2,29,5,57,11,0.227,0.281,0.294,7,2,東京ヤクルト,2023,23
茂木　栄五郎,8,15,12,1,1,0,0,0,1,1,0,0,3,0,3,1,0.083,0.267,0.083,0,0,東北楽天,2023,30
宮本　丈,65,123,90,11,20,5,0,0,25,7,1,0,17,5,18,4,0.222,0.368,0.278,9,2,東京ヤクルト,2023,29
オスナ,134,543,501,49,127,23,0,23,219,71,2,4,39,1,79,13,0.253,0.308,0.437,0,2,東京ヤクルト,2023,29
西村　瑠伊斗,1,1,1,0,0,0,0,0,0,0,0,0,0,0,1,0,0,0,0,0,0,東京ヤクルト,2023,20
山野辺　翔,35,43,39,4,8,1,0,0,9,2,6,2,1,1,3,0,0.205,0.244,0.231,2,0,埼玉西武,2023,30
北村　拓己,27,38,34,2,7,1,0,0,8,0,0,0,2,1,7,3,0.206,0.27,0.235,1,0,読　売,2023,29
北村　恵吾,12,23,21,4,4,0,0,1,7,7,0,0,0,0,5,1,0.19,0.174,0.333,0,2,東京ヤクルト,2023,23
村上　宗隆,140,597,496,76,127,28,0,31,248,84,5,3,90,7,168,6,0.256,0.375,0.5,0,4,東京ヤクルト,2023,24
武岡　龍世,84,178,160,18,35,3,2,1,45,8,3,1,8,0,47,4,0.219,0.254,0.281,9,1,東京ヤクルト,2023,23
並木　秀尊,82,174,161,37,39,3,1,1,47,7,15,2,8,1,33,2,0.242,0.282,0.292,4,0,東京ヤクルト,2023,25
西川　遥輝,35,87,72,11,13,2,1,1,20,4,2,0,11,0,24,0,0.181,0.286,0.278,2,1,東北楽天,2023,32
丸山　和郁,67,106,97,13,20,5,0,0,25,7,7,3,6,0,27,1,0.206,0.252,0.258,3,0,東京ヤクルト,2023,25
塩見　泰隆,51,209,186,33,56,9,2,8,93,31,1,2,19,3,40,3,0.301,0.373,0.5,0,1,東京ヤクルト,2023,31
サンタナ,136,516,467,52,140,32,0,18,226,66,2,0,44,2,114,17,0.3,0.36,0.484,0,3,東京ヤクルト,2023,32
澤井　廉,16,37,32,3,5,0,1,0,7,1,0,0,0,5,11,0,0.156,0.27,0.219,0,0,東京ヤクルト,2023,24
太田　賢吾,20,42,41,1,8,0,0,0,8,1,0,0,1,0,11,1,0.195,0.214,0.195,0,0,東京ヤクルト,2023,27
濱田　太貴,103,276,252,30,59,17,0,5,91,22,4,1,19,1,60,6,0.234,0.29,0.361,4,0,東京ヤクルト,2023,24
増田　珠,35,75,66,7,12,2,0,1,17,3,0,0,5,3,17,0,0.182,0.27,0.258,1,0,福岡ソフトバンク,2023,25
若月　健矢,96,318,286,27,73,14,1,6,107,17,2,1,15,1,66,15,0.255,0.295,0.374,16,0,オリックス,2023,29
森　友哉,110,453,384,49,113,24,2,18,195,64,4,1,54,7,61,9,0.294,0.385,0.508,1,7,オリックス,2023,29
福永　奨,3,2,2,0,0,0,0,0,0,0,0,0,0,0,1,0,0,0,0,0,0,オリックス,2023,25
石川　亮,14,11,11,0,1,0,0,0,1,0,0,0,0,0,3,0,0.091,0.091,0.091,0,0,オリックス,2023,29
頓宮　裕真,113,451,401,49,123,23,0,16,194,49,0,0,41,6,69,11,0.307,0.378,0.484,1,2,オリックス,2023,28
西野　真弘,43,138,122,5,24,6,0,0,30,8,0,0,11,0,9,4,0.197,0.263,0.246,5,0,オリックス,2023,34
宗　佑磨,122,478,428,38,105,17,3,2,134,22,1,1,36,4,55,9,0.245,0.309,0.313,9,1,オリックス,2023,28
野口　智哉,76,257,226,19,51,11,3,2,74,19,4,2,21,5,70,3,0.226,0.306,0.327,5,0,オリックス,2023,25
大城　滉二,57,51,46,7,9,3,0,1,15,10,1,0,4,1,8,2,0.196,0.275,0.326,0,0,オリックス,2023,31
紅林　弘太郎,127,482,443,37,122,19,1,8,167,39,4,6,28,1,63,19,0.275,0.318,0.377,7,3,オリックス,2023,22
廣岡　大志,9,30,28,5,6,0,0,1,9,2,1,0,0,1,8,0,0.214,0.233,0.321,0,1,読　売,2023,27
廣岡　大志,44,103,90,12,18,4,1,1,27,9,0,2,12,0,26,2,0.2,0.294,0.3,1,0,オリックス,2023,27
太田　椋,18,70,60,9,15,3,0,2,24,7,0,0,3,3,8,1,0.25,0.318,0.4,4,0,オリックス,2023,23
大里　昂生,5,2,2,1,0,0,0,0,0,0,0,0,0,0,1,0,0,0,0,0,0,オリックス,2023,25
中川　圭太,135,563,506,66,136,29,5,12,211,55,5,5,43,7,90,9,0.269,0.334,0.417,6,1,オリックス,2023,28
渡部　遼人,32,52,41,7,7,2,0,0,9,1,2,1,8,0,7,1,0.171,0.3,0.22,2,1,オリックス,2023,25
西川　龍馬,109,443,416,48,127,20,1,9,176,56,7,6,21,1,52,10,0.305,0.337,0.423,1,4,広島東洋,2023,29
杉澤　龍,2,5,5,0,1,0,0,0,1,0,0,0,0,0,2,0,0.2,0.2,0.2,0,0,オリックス,2023,24
来田　涼斗,4,11,10,0,0,0,0,0,0,0,0,0,1,0,6,0,0,0.091,0,0,0,オリックス,2023,22
池田　陵真,12,39,34,4,7,1,0,0,8,0,1,0,4,1,9,1,0.206,0.308,0.235,0,0,オリックス,2023,21
佐野　皓大,47,38,36,11,6,0,0,1,9,3,5,1,0,0,7,0,0.167,0.167,0.25,2,0,オリックス,2023,28
茶野　篤政,91,344,312,37,74,7,0,1,84,23,7,5,16,8,76,1,0.237,0.291,0.269,7,1,オリックス,2023,25
福田　周平,36,114,94,6,18,1,0,0,19,5,5,1,15,1,15,1,0.191,0.306,0.202,3,1,オリックス,2023,32
杉本　裕太郎,96,370,339,34,82,12,1,16,144,41,0,1,19,9,101,2,0.242,0.298,0.425,1,2,オリックス,2023,33
宜保　翔,62,162,147,14,41,5,0,0,46,9,1,2,6,1,25,4,0.279,0.31,0.313,7,1,オリックス,2023,24
古賀　悠斗,100,282,239,12,52,14,0,2,72,20,1,0,23,3,54,8,0.218,0.294,0.301,17,0,埼玉西武,2023,25
炭谷　銀仁朗,65,145,131,9,29,2,0,1,34,10,0,0,5,2,23,2,0.221,0.259,0.26,6,1,東北楽天,2023,37
柘植　世那,59,137,125,5,23,4,0,0,27,13,0,1,3,2,23,5,0.184,0.214,0.216,6,1,埼玉西武,2023,27
古市　尊,29,56,50,2,8,0,0,0,8,0,0,1,2,1,13,0,0.16,0.208,0.16,3,0,埼玉西武,2023,22
児玉　亮涼,56,132,122,11,27,3,2,0,34,8,2,3,4,0,30,2,0.221,0.244,0.279,5,1,埼玉西武,2023,26
山野辺　翔,35,43,39,4,8,1,0,0,9,2,6,2,1,1,3,0,0.205,0.244,0.231,2,0,埼玉西武,2023,30
外崎　修汰,136,571,503,60,131,28,3,12,201,54,26,3,56,5,114,11,0.26,0.338,0.4,3,4,埼玉西武,2023,31
源田　壮亮,100,435,397,30,102,9,4,0,119,22,5,6,26,3,82,5,0.257,0.307,0.3,8,1,埼玉西武,2023,31
佐藤　龍世,91,257,209,27,55,9,3,3,79,16,2,1,42,2,41,6,0.263,0.39,0.378,3,1,埼玉西武,2023,27
元山　飛優,22,42,39,1,7,1,0,0,8,3,0,0,0,0,13,1,0.179,0.175,0.205,2,1,東京ヤクルト,2023,25
山村　崇嘉,4,15,14,3,4,0,0,2,10,3,0,0,1,0,5,0,0.286,0.333,0.714,0,0,埼玉西武,2023,22
平沢　大河,57,170,135,19,23,1,0,3,33,8,3,1,25,3,43,4,0.17,0.311,0.244,6,1,千葉ロッテ,2023,26
セデーニョ,57,187,176,12,43,7,0,9,77,34,0,0,8,1,47,5,0.244,0.278,0.438,0,2,オリックス,2023,26
髙松　渡,23,1,1,8,0,0,0,0,0,0,2,1,0,0,0,0,0,0,0,0,0,中　日,2023,25
髙松　渡,2,1,1,0,0,0,0,0,0,0,1,0,0,0,0,0,0,0,0,0,0,埼玉西武,2023,25
中村　剛也,88,322,283,34,73,12,0,17,136,40,1,0,31,5,76,7,0.258,0.339,0.481,0,3,埼玉西武,2023,41
滝澤　夏央,16,17,16,4,3,0,0,1,6,1,0,0,0,0,4,0,0.188,0.188,0.375,1,0,埼玉西武,2023,21
渡部　健人,57,209,192,17,41,13,0,6,72,25,2,1,11,5,63,2,0.214,0.273,0.375,0,1,埼玉西武,2023,25
野村　大樹,41,83,74,7,16,2,0,1,21,4,1,0,4,0,22,5,0.216,0.253,0.284,4,1,福岡ソフトバンク,2023,24
栗山　巧,77,191,157,17,34,4,0,7,59,19,1,0,31,1,32,7,0.217,0.346,0.376,0,2,埼玉西武,2023,41
蛭間　拓哉,56,223,198,17,46,6,0,2,58,20,0,0,14,0,37,2,0.232,0.28,0.293,9,2,埼玉西武,2023,24
平沼　翔太,67,110,102,16,25,2,2,2,37,6,3,1,5,1,18,3,0.245,0.284,0.363,1,1,埼玉西武,2023,27
松原　聖弥,21,13,12,3,0,0,0,0,0,0,0,0,1,0,4,0,0,0.077,0,0,0,読　売,2023,29
西川　愛也,41,109,97,9,22,4,0,1,29,8,4,1,5,1,16,0,0.227,0.269,0.299,5,1,埼玉西武,2023,25
長谷川　信哉,59,198,180,17,40,9,0,4,61,12,3,4,11,3,34,3,0.222,0.276,0.339,2,2,埼玉西武,2023,22
岸　潤一郎,61,197,177,16,37,5,0,3,51,12,3,2,11,4,33,6,0.209,0.269,0.288,4,1,埼玉西武,2023,27
戸柱　恭孝,70,181,165,11,40,8,1,5,65,19,0,0,13,0,30,6,0.242,0.296,0.394,2,1,横浜DeNA,2023,34
伊藤　光,61,176,160,11,36,8,0,1,47,8,0,0,9,2,41,2,0.225,0.273,0.294,4,1,横浜DeNA,2023,35
益子　京右,1,0,0,0,0,0,0,0,0,0,0,0,0,0,0,0,0,0,0,0,0,横浜DeNA,2023,23
山本　祐大,71,200,173,18,48,7,1,3,66,16,0,0,18,1,26,3,0.277,0.347,0.382,7,1,横浜DeNA,2023,26
林　琢真,65,154,141,12,29,5,0,0,34,11,7,3,6,0,29,2,0.206,0.235,0.241,5,2,横浜DeNA,2023,24
牧　秀悟,143,605,559,78,164,39,3,29,296,103,2,2,33,7,85,17,0.293,0.337,0.53,0,6,横浜DeNA,2023,26
オースティン,22,54,47,5,13,6,0,0,19,6,0,0,6,0,13,0,0.277,0.352,0.404,0,1,横浜DeNA,2023,33
森　敬斗,9,14,12,0,2,0,0,0,2,1,1,0,1,0,1,0,0.167,0.231,0.167,1,0,横浜DeNA,2023,22
京田　陽太,93,287,251,31,57,4,0,1,64,9,3,2,25,2,33,6,0.227,0.302,0.255,9,0,横浜DeNA,2023,30
三森　大貴,102,316,296,40,77,8,2,5,104,21,14,8,12,0,48,4,0.26,0.289,0.351,8,0,福岡ソフトバンク,2023,25
柴田　竜拓,86,66,49,7,7,1,1,0,10,2,0,1,9,2,9,0,0.143,0.3,0.204,6,0,横浜DeNA,2023,30
宮﨑　敏郎,124,461,408,47,133,27,0,20,220,71,1,0,41,8,43,14,0.326,0.395,0.539,0,4,横浜DeNA,2023,35
知野　直人,39,39,30,9,5,1,0,2,12,5,2,1,7,1,9,0,0.167,0.342,0.4,1,0,横浜DeNA,2023,25
ビシエド,91,347,315,20,77,9,0,6,104,23,0,0,27,4,41,8,0.244,0.311,0.33,0,1,中　日,2023,35
桑原　将志,132,479,429,48,108,23,4,7,160,35,3,8,23,10,54,11,0.252,0.301,0.373,11,6,横浜DeNA,2023,31
佐野　恵太,141,613,560,67,148,26,2,13,217,65,0,2,46,4,77,9,0.264,0.323,0.388,0,3,横浜DeNA,2023,29
神里　和毅,64,53,49,11,8,1,1,0,11,3,0,1,3,1,16,0,0.163,0.226,0.224,0,0,横浜DeNA,2023,30
梶原　昂希,21,54,53,1,12,2,1,0,16,2,1,1,1,0,18,1,0.226,0.241,0.302,0,0,横浜DeNA,2023,25
蝦名　達夫,42,51,43,6,6,1,0,0,7,0,1,0,1,4,12,0,0.14,0.229,0.163,3,0,横浜DeNA,2023,27
関根　大気,140,532,482,69,126,17,3,4,161,31,11,3,29,4,53,5,0.261,0.308,0.334,16,1,横浜DeNA,2023,29
西巻　賢二,7,4,3,1,0,0,0,0,0,0,0,0,0,0,2,0,0,0,0,1,0,横浜DeNA,2023,25
甲斐　拓也,119,392,344,34,88,25,0,5,128,43,1,1,31,1,89,6,0.256,0.317,0.372,14,2,福岡ソフトバンク,2024,33
小林　誠司,42,123,105,4,16,3,0,1,22,8,1,0,9,2,18,1,0.152,0.233,0.21,7,0,読　売,2024,36
大城　卓三,96,321,283,19,72,17,0,3,98,27,0,0,31,3,62,3,0.254,0.33,0.346,0,4,読　売,2024,32
岸田　行倫,88,298,269,22,65,10,1,4,89,26,2,2,14,4,43,11,0.242,0.287,0.331,9,2,読　売,2024,29
郡　拓也,5,4,4,1,0,0,0,0,0,0,0,0,0,0,1,0,0,0,0,0,0,読　売,2024,27
山瀬　慎之助,2,6,6,1,2,0,0,0,2,0,0,0,0,0,1,0,0.333,0.333,0.333,0,0,読　売,2024,24
喜多　隆介,1,1,1,1,0,0,0,0,0,0,0,0,0,0,0,0,0,0,0,0,0,読　売,2024,27
湯浅　大,19,7,6,2,1,0,0,0,1,2,0,1,0,0,2,0,0.167,0.167,0.167,1,0,読　売,2024,25
増田　大輝,40,38,30,4,6,1,1,0,9,4,4,1,1,0,6,1,0.2,0.226,0.3,7,0,読　売,2024,32
吉川　尚輝,143,602,536,65,154,25,4,5,202,46,12,5,41,6,61,8,0.287,0.341,0.377,13,6,読　売,2024,30
門脇　誠,129,405,350,29,85,9,1,0,96,21,9,3,37,2,63,3,0.243,0.319,0.274,16,0,読　売,2024,24
坂本　勇人,109,426,395,34,94,14,0,7,129,34,1,0,27,1,72,14,0.238,0.286,0.327,0,3,読　売,2024,36
岡本　和真,143,611,535,70,150,37,0,27,268,83,1,1,66,5,97,5,0.28,0.362,0.501,0,5,読　売,2024,29
泉口　友汰,66,185,164,10,33,6,1,1,44,9,1,0,18,0,24,2,0.201,0.28,0.268,3,0,読　売,2024,26
中山　礼都,32,48,44,2,14,3,0,0,17,2,0,0,4,0,12,1,0.318,0.375,0.386,0,0,読　売,2024,23
リチャード,15,33,31,0,7,3,0,0,10,1,0,0,1,1,12,3,0.226,0.273,0.323,0,0,福岡ソフトバンク,2024,26
秋広　優人,26,48,46,5,12,1,0,0,13,1,1,0,2,0,12,1,0.261,0.292,0.283,0,0,読　売,2024,23
増田　陸,4,6,5,0,0,0,0,0,0,0,0,0,0,1,1,1,0,0.167,0,0,0,読　売,2024,25
長野　久義,54,98,89,5,23,3,1,0,28,14,1,1,9,0,25,2,0.258,0.327,0.315,0,0,読　売,2024,40
丸　佳浩,138,595,525,51,146,18,1,14,208,45,8,4,65,3,93,9,0.278,0.36,0.396,0,2,読　売,2024,36
萩尾　匡也,56,163,149,13,32,8,2,2,50,12,0,2,11,1,41,4,0.215,0.272,0.336,1,1,読　売,2024,24
岡田　悠希,4,9,7,0,1,0,0,0,1,0,0,0,2,0,2,0,0.143,0.333,0.143,0,0,読　売,2024,25
ヘルナンデス,56,240,221,34,65,11,0,8,100,30,0,1,15,3,58,8,0.294,0.346,0.452,0,1,読　売,2024,31
重信　慎之介,33,18,15,6,1,0,0,0,1,0,6,1,3,0,6,0,0.067,0.222,0.067,0,0,読　売,2024,32
佐々木　俊輔,59,156,143,13,33,5,1,0,40,6,2,1,9,0,44,3,0.231,0.275,0.28,3,1,読　売,2024,26
オコエ　瑠偉,68,157,138,16,36,9,0,3,54,13,4,0,9,1,35,3,0.261,0.309,0.391,8,1,読　売,2024,28
浅野　翔吾,40,158,146,18,35,11,2,3,59,18,1,0,7,2,27,2,0.24,0.282,0.404,2,1,読　売,2024,21
若林　楽人,19,66,62,3,8,0,0,3,17,5,2,1,1,1,12,4,0.129,0.156,0.274,2,0,埼玉西武,2024,27
若林　楽人,27,44,42,3,9,1,1,1,15,7,1,0,1,1,11,0,0.214,0.25,0.357,0,0,読　売,2024,27
嶺井　博希,4,6,6,2,3,0,0,1,6,3,0,0,0,0,1,0,0.5,0.5,1,0,0,福岡ソフトバンク,2024,34
谷川原　健太,4,10,9,3,4,1,1,0,7,2,0,0,0,1,2,0,0.444,0.5,0.778,0,0,福岡ソフトバンク,2024,28
石塚　綜一郎,15,40,31,2,6,0,0,1,9,6,0,0,3,4,10,0,0.194,0.333,0.29,0,1,福岡ソフトバンク,2024,24
海野　隆司,51,120,104,10,18,5,0,2,29,10,0,0,6,1,30,3,0.173,0.225,0.279,9,0,福岡ソフトバンク,2024,28
川瀬　晃,105,156,138,17,36,2,2,0,42,7,2,2,7,0,24,0,0.261,0.295,0.304,10,1,福岡ソフトバンク,2024,28
ダウンズ,7,26,22,3,6,0,0,1,9,2,1,0,2,2,1,0,0.273,0.385,0.409,0,0,福岡ソフトバンク,2024,27
山川　穂高,143,611,550,66,136,26,1,34,266,99,0,0,48,10,158,17,0.247,0.318,0.484,0,3,福岡ソフトバンク,2024,34
今宮　健太,133,538,462,60,121,25,4,6,172,39,1,0,46,3,87,9,0.262,0.331,0.372,25,2,福岡ソフトバンク,2024,34
牧原　大成,78,259,240,26,68,7,4,2,89,13,6,4,8,1,41,2,0.283,0.308,0.371,9,1,福岡ソフトバンク,2024,33
周東　佑京,123,477,428,63,115,15,5,2,146,26,41,13,26,10,90,4,0.269,0.323,0.341,10,3,福岡ソフトバンク,2024,29
栗原　陵矢,140,598,527,74,144,40,2,20,248,87,2,1,49,5,99,10,0.273,0.337,0.471,10,7,福岡ソフトバンク,2024,29
廣瀨　隆太,35,111,103,9,24,4,0,2,34,9,0,1,5,2,17,6,0.233,0.279,0.33,0,1,福岡ソフトバンク,2024,24
井上　朋也,5,10,10,0,0,0,0,0,0,0,0,0,0,0,5,0,0,0,0,0,0,福岡ソフトバンク,2024,22
リチャード,15,33,31,0,7,3,0,0,10,1,0,0,1,1,12,3,0.226,0.273,0.323,0,0,福岡ソフトバンク,2024,26
秋広　優人,26,48,46,5,12,1,0,0,13,1,1,0,2,0,12,1,0.261,0.292,0.283,0,0,読　売,2024,23
野村　勇,38,50,43,9,5,0,0,0,5,1,4,0,6,0,18,1,0.116,0.224,0.116,1,0,福岡ソフトバンク,2024,28
近藤　健介,129,535,436,66,137,29,2,19,227,72,11,1,92,6,76,10,0.314,0.439,0.521,0,1,福岡ソフトバンク,2024,32
中村　晃,101,203,181,15,40,4,0,0,44,16,0,1,19,1,24,6,0.221,0.297,0.243,1,1,福岡ソフトバンク,2024,36
柳田　悠岐,52,225,185,31,53,7,1,4,74,35,3,0,35,3,36,2,0.286,0.404,0.4,0,2,福岡ソフトバンク,2024,37
佐藤　直樹,44,93,84,7,16,3,1,0,21,6,3,3,4,3,30,0,0.19,0.25,0.25,1,1,福岡ソフトバンク,2024,27
正木　智也,80,282,263,21,71,21,0,7,113,29,1,0,11,5,65,4,0.27,0.31,0.43,1,2,福岡ソフトバンク,2024,26
柳町　達,73,237,216,26,58,11,5,4,91,40,1,0,14,1,65,4,0.269,0.313,0.421,4,2,福岡ソフトバンク,2024,28
笹川　吉康,7,21,21,3,6,0,0,1,9,2,2,1,0,0,6,0,0.286,0.286,0.429,0,0,福岡ソフトバンク,2024,23
緒方　理貢,86,62,52,19,9,1,1,0,12,4,4,1,7,0,10,2,0.173,0.271,0.231,3,0,福岡ソフトバンク,2024,27
川村　友斗,88,140,123,27,33,8,2,1,48,14,3,1,10,3,43,1,0.268,0.336,0.39,3,1,福岡ソフトバンク,2024,26
梅野　隆太郎,95,318,268,18,56,9,0,0,65,15,0,1,30,1,84,6,0.209,0.289,0.243,17,2,阪　神,2024,34
坂本　誠志郎,64,218,193,11,43,3,0,0,46,12,0,0,12,2,38,6,0.223,0.274,0.238,10,1,阪　神,2024,32
榮枝　裕貴,1,0,0,0,0,0,0,0,0,0,0,0,0,0,0,0,0,0,0,0,0,阪　神,2024,27
長坂　拳弥,5,4,3,0,0,0,0,0,0,0,0,0,0,0,2,0,0,0,0,1,0,阪　神,2024,31
木浪　聖也,116,409,359,27,77,13,1,1,95,35,1,0,32,4,64,17,0.214,0.285,0.265,13,1,阪　神,2024,31
大山　悠輔,130,545,483,63,125,18,0,14,185,68,0,4,52,7,88,19,0.259,0.338,0.383,0,3,阪　神,2024,30
熊谷　敬宥,32,9,8,2,1,0,0,0,1,0,1,1,0,0,2,0,0.125,0.125,0.125,1,0,阪　神,2024,30
佐藤　輝明,120,496,451,58,121,21,4,16,198,70,0,2,36,5,133,11,0.268,0.327,0.439,0,4,阪　神,2024,26
渡邉　諒,67,137,123,7,32,5,0,2,43,11,0,1,11,1,34,2,0.26,0.321,0.35,0,2,阪　神,2024,30
糸原　健斗,89,128,111,8,24,2,0,0,26,9,0,0,15,1,20,3,0.216,0.313,0.234,0,1,阪　神,2024,33
小幡　竜平,50,135,116,12,28,3,1,1,36,9,2,3,12,0,27,1,0.241,0.313,0.31,7,0,阪　神,2024,25
中野　拓夢,143,634,547,63,127,20,2,1,154,32,6,7,46,5,97,10,0.232,0.297,0.282,35,1,阪　神,2024,29
植田　海,59,11,11,11,3,0,1,0,5,3,4,1,0,0,3,0,0.273,0.273,0.455,0,0,阪　神,2024,29
原口　文仁,52,65,58,5,14,1,0,2,21,9,1,0,5,2,14,0,0.241,0.323,0.362,0,0,阪　神,2024,33
森下　翔太,129,526,458,64,126,24,2,16,202,73,0,2,53,12,78,13,0.275,0.363,0.441,0,3,阪　神,2024,25
近本　光司,141,639,562,71,160,16,5,6,204,45,19,9,68,5,93,7,0.285,0.365,0.363,0,4,阪　神,2024,31
井上　広大,23,55,52,5,11,2,0,3,22,8,1,1,3,0,20,0,0.212,0.255,0.423,0,0,阪　神,2024,24
島田　海吏,62,94,80,8,22,2,0,0,24,2,5,3,10,1,16,2,0.275,0.363,0.3,3,0,阪　神,2024,29
楠本　泰史,18,31,29,0,5,1,0,0,6,5,0,0,1,1,5,0,0.172,0.226,0.207,0,0,横浜DeNA,2024,30
前川　右京,116,362,324,25,87,16,0,4,115,42,0,0,27,10,50,7,0.269,0.343,0.355,0,1,阪　神,2024,22
小野寺　暖,25,29,27,3,4,0,1,0,6,0,0,0,0,1,10,0,0.148,0.179,0.222,1,0,阪　神,2024,27
豊田　寛,11,19,19,1,4,1,0,0,5,0,0,0,0,0,5,2,0.211,0.211,0.263,0,0,阪　神,2024,28
野口　恭佑,26,61,53,6,10,0,0,0,10,5,0,0,5,2,12,1,0.189,0.279,0.189,0,1,阪　神,2024,25
マルティネス,126,459,393,42,92,20,4,13,159,57,2,1,51,11,101,12,0.234,0.336,0.405,0,4,北海道日本ハム,2024,29
清水　優心,12,15,14,1,2,1,0,0,3,1,0,0,0,0,5,0,0.143,0.143,0.214,1,0,北海道日本ハム,2024,29
伏見　寅威,62,184,165,9,40,5,0,0,45,21,0,0,4,2,26,3,0.242,0.267,0.273,12,1,北海道日本ハム,2024,35
古川　裕大,1,3,2,0,0,0,0,0,0,0,0,0,1,0,2,0,0,0.333,0,0,0,北海道日本ハム,2024,27
郡司　裕也,127,495,441,52,113,14,0,12,163,49,2,2,40,4,71,6,0.256,0.321,0.37,6,4,北海道日本ハム,2024,27
進藤　勇也,2,3,3,0,0,0,0,0,0,0,0,0,0,0,2,0,0,0,0,0,0,北海道日本ハム,2024,23
吉田　賢吾,10,27,26,2,5,0,0,0,5,2,0,0,0,0,4,0,0.192,0.185,0.192,0,1,福岡ソフトバンク,2024,24
田宮　裕涼,109,349,307,28,85,12,2,3,110,30,10,4,21,7,71,10,0.277,0.334,0.358,11,3,北海道日本ハム,2024,25
梅林　優貴,3,5,4,0,0,0,0,0,0,0,0,0,0,0,3,0,0,0,0,1,0,北海道日本ハム,2024,27
上川畑　大悟,106,305,258,25,64,4,2,1,75,16,5,0,22,6,40,4,0.248,0.321,0.291,18,1,北海道日本ハム,2024,28
野村　佑希,56,152,143,8,30,7,1,2,45,9,2,0,7,1,28,4,0.21,0.25,0.315,0,1,北海道日本ハム,2024,25
中島　卓也,46,41,39,12,8,1,0,0,9,2,4,4,2,0,9,0,0.205,0.244,0.231,0,0,北海道日本ハム,2024,34
清宮　幸太郎,89,329,290,43,87,18,1,15,152,51,1,3,31,5,62,5,0.3,0.374,0.524,0,3,北海道日本ハム,2024,26
石井　一成,68,219,197,20,46,11,1,4,71,18,2,3,12,1,42,2,0.234,0.281,0.36,9,0,北海道日本ハム,2024,31
水野　達稀,105,359,332,30,73,8,8,7,118,37,9,5,13,1,81,2,0.22,0.251,0.355,12,1,北海道日本ハム,2024,25
細川　凌平,51,64,54,4,12,1,0,0,13,5,3,1,4,0,11,0,0.222,0.267,0.241,4,2,北海道日本ハム,2024,23
奈良間　大己,90,150,139,10,25,4,0,0,29,7,2,0,2,0,39,2,0.18,0.19,0.209,8,1,北海道日本ハム,2024,25
松本　剛,127,486,437,46,103,18,1,1,126,19,20,8,24,4,52,17,0.236,0.279,0.288,17,4,北海道日本ハム,2024,32
淺間　大基,49,126,109,16,30,4,1,1,39,11,4,2,9,2,35,0,0.275,0.336,0.358,4,2,北海道日本ハム,2024,29
宮崎　一樹,4,6,5,0,1,0,0,0,1,0,0,0,1,0,2,0,0.2,0.333,0.2,0,0,北海道日本ハム,2024,24
五十幡　亮汰,94,127,112,38,18,2,1,0,22,3,18,9,6,1,34,1,0.161,0.21,0.196,8,0,北海道日本ハム,2024,27
水谷　瞬,97,353,327,41,94,18,3,9,145,39,4,1,21,3,79,3,0.287,0.335,0.443,1,1,北海道日本ハム,2024,24
今川　優馬,6,19,19,1,4,1,0,0,5,0,0,2,0,0,5,0,0.211,0.211,0.263,0,0,北海道日本ハム,2024,28
万波　中正,136,556,508,60,128,34,0,18,216,60,2,3,39,5,120,13,0.252,0.31,0.425,1,3,北海道日本ハム,2024,25
レイエス,103,368,335,39,97,15,1,25,189,65,0,0,31,0,90,9,0.29,0.348,0.564,0,2,北海道日本ハム,2024,30
木下　拓哉,74,203,180,11,41,4,0,3,54,9,0,0,9,0,26,9,0.228,0.265,0.3,14,0,中　日,2024,33
宇佐見　真吾,61,164,152,7,46,8,0,3,63,17,0,0,9,0,38,5,0.303,0.337,0.414,1,2,中　日,2024,32
味谷　大誠,3,1,1,0,0,0,0,0,0,0,0,0,0,0,0,0,0,0,0,0,0,中　日,2024,22
加藤　匠馬,86,133,123,5,21,3,2,0,28,5,0,0,2,0,41,4,0.171,0.184,0.228,8,0,中　日,2024,33
山浅　龍之介,3,0,0,0,0,0,0,0,0,0,0,0,0,0,0,0,0,0,0,0,0,中　日,2024,21
石橋　康太,11,29,24,1,5,2,0,0,7,3,0,0,1,0,7,1,0.208,0.231,0.292,3,1,中　日,2024,24
辻本　倫太郎,13,20,18,0,3,0,0,0,3,0,0,0,1,0,0,1,0.167,0.211,0.167,1,0,中　日,2024,24
田中　幹也,112,343,313,26,70,8,2,2,88,23,5,1,20,0,46,3,0.224,0.27,0.281,10,0,中　日,2024,24
高橋　周平,60,190,173,8,45,6,0,2,57,16,0,1,13,1,40,7,0.26,0.316,0.329,3,0,中　日,2024,31
カリステ,114,393,372,30,97,11,1,7,131,36,2,2,15,0,67,9,0.261,0.287,0.352,3,3,中　日,2024,33
村松　開人,109,418,371,35,102,14,3,1,125,25,3,4,26,4,81,7,0.275,0.327,0.337,14,3,中　日,2024,24
中田　翔,62,225,212,15,46,10,0,4,68,21,0,0,9,1,34,9,0.217,0.249,0.321,0,3,中　日,2024,36
福永　裕基,111,402,363,40,111,22,2,6,155,32,9,3,27,6,82,4,0.306,0.362,0.427,4,2,中　日,2024,29
石川　昂弥,82,275,254,17,69,16,0,4,97,25,0,0,17,2,37,9,0.272,0.32,0.382,0,2,中　日,2024,24
土田　龍空,17,45,44,1,7,1,0,0,8,2,1,0,1,0,11,0,0.159,0.178,0.182,0,0,中　日,2024,22
山本　泰寛,79,179,156,14,39,3,0,1,45,9,1,1,15,0,33,1,0.25,0.312,0.288,6,2,中　日,2024,32
板山　祐太郎,65,194,178,11,42,4,3,3,61,13,1,1,14,0,36,9,0.236,0.29,0.343,1,1,中　日,2024,31
ロドリゲス,23,59,54,3,7,0,0,0,7,1,0,0,2,0,16,0,0.13,0.161,0.13,3,0,中　日,2024,24
樋口　正修,6,1,1,0,0,0,0,0,0,0,1,0,0,0,1,0,0,0,0,0,0,中　日,2024,27
尾田　剛樹,65,12,11,8,0,0,0,0,0,0,4,5,0,0,4,0,0,0,0,1,0,中　日,2024,25
岡林　勇希,123,460,425,34,109,10,3,0,125,12,10,7,29,0,62,2,0.256,0.304,0.294,6,0,中　日,2024,23
大島　洋平,75,125,116,7,23,6,0,0,29,5,1,1,9,0,11,0,0.198,0.256,0.25,0,0,中　日,2024,40
ブライト　健太,35,51,46,3,11,0,0,2,17,3,0,0,5,0,16,0,0.239,0.314,0.37,0,0,中　日,2024,26
川越　誠司,27,75,71,4,19,3,0,2,28,7,0,0,4,0,17,2,0.268,0.307,0.394,0,0,中　日,2024,32
上林　誠知,46,102,94,6,18,1,1,1,24,3,0,0,7,0,22,0,0.191,0.248,0.255,1,0,中　日,2024,30
駿太,29,35,32,1,4,0,0,0,4,1,0,0,2,0,9,0,0.125,0.176,0.125,1,0,中　日,2024,32
細川　成也,143,600,534,59,156,30,0,23,255,67,0,1,60,5,159,13,0.292,0.368,0.478,0,1,中　日,2024,27
鵜飼　航丞,12,27,27,1,5,2,0,0,7,3,0,0,0,0,10,1,0.185,0.185,0.259,0,0,中　日,2024,26
松川　虎生,2,4,4,0,1,0,0,0,1,0,0,0,0,0,3,0,0.25,0.25,0.25,0,0,千葉ロッテ,2024,22
田村　龍弘,51,160,140,11,28,10,0,0,38,14,0,0,14,0,27,2,0.2,0.269,0.271,4,2,千葉ロッテ,2024,31
佐藤　都志也,116,452,410,41,114,20,0,5,149,45,4,1,29,3,51,10,0.278,0.326,0.363,4,6,千葉ロッテ,2024,27
柿沼　友哉,3,3,3,0,0,0,0,0,0,0,0,0,0,0,2,0,0,0,0,0,0,千葉ロッテ,2024,32
寺地　隆成,2,7,7,0,1,1,0,0,2,0,0,0,0,0,4,0,0.143,0.143,0.286,0,0,千葉ロッテ,2024,20
池田　来翔,21,46,45,2,5,2,0,0,7,1,0,0,1,0,7,2,0.111,0.13,0.156,0,0,千葉ロッテ,2024,25
友杉　篤輝,125,393,355,33,73,10,0,0,83,15,11,2,17,0,52,5,0.206,0.241,0.234,19,2,千葉ロッテ,2024,25
安田　尚憲,55,174,158,14,36,13,0,0,49,15,0,0,13,0,48,4,0.228,0.282,0.31,0,3,千葉ロッテ,2024,26
藤岡　裕大,90,369,312,31,80,13,1,5,110,29,0,0,46,2,58,4,0.256,0.354,0.353,7,2,千葉ロッテ,2024,32
中村　奨吾,120,433,376,36,88,18,0,4,118,27,2,2,41,5,75,15,0.234,0.318,0.314,11,0,千葉ロッテ,2024,33
上田　希由翔,21,64,58,3,15,3,0,0,18,7,0,0,2,2,9,0,0.259,0.302,0.31,1,1,千葉ロッテ,2024,24
大下　誠一郎,22,22,20,1,3,1,0,0,4,1,0,0,1,0,4,0,0.15,0.19,0.2,1,0,千葉ロッテ,2024,28
石垣　雅海,9,10,10,0,2,1,0,0,3,0,1,0,0,0,0,0,0.2,0.2,0.3,0,0,中　日,2024,27
小川　龍成,119,313,261,33,63,2,0,0,65,21,10,1,30,0,52,2,0.241,0.317,0.249,20,2,千葉ロッテ,2024,27
茶谷　健太,88,76,72,5,12,1,0,0,13,4,0,0,1,0,18,1,0.167,0.176,0.181,2,1,千葉ロッテ,2024,27
ソト,132,542,491,43,132,22,2,21,221,88,0,0,42,5,136,19,0.269,0.33,0.45,0,4,千葉ロッテ,2024,36
荻野　貴司,80,213,197,25,55,6,1,1,66,15,0,0,10,2,15,6,0.279,0.321,0.335,4,0,千葉ロッテ,2024,40
藤原　恭大,74,264,231,30,67,8,4,2,89,21,4,1,25,3,39,2,0.29,0.364,0.385,3,2,千葉ロッテ,2024,25
角中　勝也,84,217,189,21,53,12,2,3,78,20,0,0,24,1,37,4,0.28,0.361,0.413,1,2,千葉ロッテ,2024,38
ポランコ,118,468,416,47,101,21,0,23,191,60,0,0,46,2,86,5,0.243,0.318,0.459,0,4,千葉ロッテ,2024,34
石川　慎吾,33,93,90,2,19,3,0,1,25,5,0,0,3,0,19,3,0.211,0.237,0.278,0,0,千葉ロッテ,2024,32
岡　大海,103,420,362,52,104,28,2,7,157,33,11,3,44,7,64,9,0.287,0.373,0.434,4,3,千葉ロッテ,2024,34
髙部　瑛斗,76,287,260,37,78,12,3,1,99,23,10,4,19,1,43,3,0.3,0.348,0.381,5,2,千葉ロッテ,2024,27
愛斗,52,76,69,4,13,2,0,0,15,3,0,0,4,1,14,3,0.188,0.243,0.217,2,0,千葉ロッテ,2024,28
山口　航輝,51,181,170,10,34,8,0,2,48,13,1,0,10,1,30,6,0.2,0.249,0.282,0,0,千葉ロッテ,2024,25
山本　大斗,5,19,18,0,2,1,0,0,3,0,0,0,1,0,4,0,0.111,0.158,0.167,0,0,千葉ロッテ,2024,23
和田　康士朗,88,71,60,12,9,0,0,0,9,8,11,0,6,1,13,0,0.15,0.235,0.15,3,1,千葉ロッテ,2024,26
會澤　翼,57,159,150,9,28,6,0,0,34,13,0,0,7,2,43,6,0.187,0.233,0.227,0,0,広島東洋,2024,37
坂倉　将吾,121,462,427,43,119,19,1,12,176,44,3,2,31,1,80,7,0.279,0.328,0.412,1,2,広島東洋,2024,27
石原　貴規,56,139,122,11,28,6,0,3,43,11,0,0,5,5,22,1,0.23,0.284,0.352,5,2,広島東洋,2024,27
磯村　嘉孝,10,10,9,0,0,0,0,0,0,0,0,0,1,0,4,0,0,0.1,0,0,0,広島東洋,2024,33
羽月　隆太郎,53,25,22,12,5,1,0,0,6,1,12,7,1,0,8,0,0.227,0.261,0.273,2,0,広島東洋,2024,25
上本　崇司,62,146,129,16,27,2,0,0,29,7,0,2,4,4,24,3,0.209,0.255,0.225,9,0,広島東洋,2024,35
田中　広輔,66,108,96,5,15,2,0,2,23,7,1,1,9,1,26,2,0.156,0.231,0.24,0,2,広島東洋,2024,36
矢野　雅哉,137,495,430,45,112,13,6,2,143,38,13,10,38,3,109,8,0.26,0.322,0.333,20,4,広島東洋,2024,26
小園　海斗,143,588,540,52,151,15,3,2,178,61,13,9,30,6,53,6,0.28,0.322,0.33,7,5,広島東洋,2024,25
堂林　翔太,87,273,244,15,56,13,0,1,72,17,0,2,16,1,67,4,0.23,0.277,0.295,9,3,広島東洋,2024,34
菊池　涼介,136,497,453,27,109,19,0,9,155,38,2,2,25,1,69,9,0.241,0.281,0.342,17,1,広島東洋,2024,35
林　晃汰,27,64,60,4,11,4,0,0,15,2,0,0,4,0,20,3,0.183,0.234,0.25,0,0,広島東洋,2024,25
韮澤　雄也,11,15,15,1,2,0,0,0,2,0,0,0,0,0,2,1,0.133,0.133,0.133,0,0,広島東洋,2024,24
仲田　侑仁,1,4,4,1,1,0,0,0,1,0,0,0,0,0,1,0,0.25,0.25,0.25,0,0,広島東洋,2024,20
内田　湘大,1,3,3,0,1,0,0,0,1,0,0,0,0,0,0,0,0.333,0.333,0.333,0,0,広島東洋,2024,21
山足　達也,43,18,15,5,2,0,0,0,2,0,2,0,3,0,3,0,0.133,0.278,0.133,0,0,オリックス,2024,32
佐藤　啓介,7,17,15,1,2,0,0,0,2,0,0,0,2,0,3,0,0.133,0.235,0.133,0,0,広島東洋,2024,24
二俣　翔一,80,122,107,7,21,4,0,1,28,7,1,0,8,1,26,3,0.196,0.259,0.262,6,0,広島東洋,2024,23
秋山　翔吾,138,587,547,60,158,20,1,4,192,30,6,5,29,5,96,6,0.289,0.328,0.351,2,4,広島東洋,2024,37
野間　峻祥,113,443,391,40,106,14,5,1,133,28,8,5,43,5,52,9,0.271,0.35,0.34,3,1,広島東洋,2024,32
宇草　孔基,41,75,66,10,16,2,0,3,27,8,3,1,4,2,22,1,0.242,0.306,0.409,3,0,広島東洋,2024,28
中村　健人,12,24,24,1,2,0,0,1,5,2,0,0,0,0,8,0,0.083,0.083,0.208,0,0,広島東洋,2024,28
末包　昇大,79,304,286,22,68,14,0,9,109,37,1,2,12,6,85,6,0.238,0.283,0.381,0,0,広島東洋,2024,29
松山　竜平,65,78,73,2,13,4,0,1,20,10,0,0,4,0,12,5,0.178,0.218,0.274,0,1,広島東洋,2024,40
久保　修,19,18,17,1,1,0,0,0,1,0,0,0,0,1,8,0,0.059,0.111,0.059,0,0,広島東洋,2024,25
大盛　穂,74,35,31,7,7,2,0,0,9,4,2,1,2,0,10,0,0.226,0.273,0.29,2,0,広島東洋,2024,29
田村　俊介,37,106,101,4,20,3,2,0,27,5,1,1,3,1,27,2,0.198,0.229,0.267,1,0,広島東洋,2024,22
中村　奨成,30,70,69,4,10,2,0,0,12,1,0,1,1,0,13,1,0.145,0.157,0.174,0,0,広島東洋,2024,26
中村　貴浩,11,25,24,4,5,0,0,0,5,3,0,0,0,0,5,1,0.208,0.208,0.208,1,0,広島東洋,2024,25
太田　光,94,269,230,23,45,10,3,2,67,23,2,0,13,2,58,1,0.196,0.244,0.291,23,1,東北楽天,2024,29
田中　貴也,17,12,10,0,1,0,0,0,1,0,0,0,2,0,4,1,0.1,0.25,0.1,0,0,東北楽天,2024,33
安田　悠馬,34,128,122,12,32,6,0,2,44,9,0,0,6,0,38,1,0.262,0.297,0.361,0,0,東北楽天,2024,25
堀内　謙伍,4,6,6,0,0,0,0,0,0,0,0,0,0,0,1,0,0,0,0,0,0,東北楽天,2024,28
石原　彪,68,172,146,9,25,5,0,4,42,13,0,0,13,0,50,4,0.171,0.239,0.288,13,0,東北楽天,2024,26
小深田　大翔,134,522,450,50,103,9,4,3,129,23,29,10,42,2,84,5,0.229,0.296,0.287,25,3,東北楽天,2024,30
浅村　栄斗,143,552,471,51,119,19,0,14,180,60,1,2,68,4,101,12,0.253,0.346,0.382,0,9,東北楽天,2024,35
阿部　寿樹,78,254,229,19,52,13,2,9,96,32,0,2,20,1,54,3,0.227,0.292,0.419,4,0,東北楽天,2024,35
村林　一輝,139,571,518,51,125,13,3,6,162,50,5,1,21,2,91,11,0.241,0.27,0.313,23,7,東北楽天,2024,28
鈴木　大地,123,460,406,41,108,11,5,4,141,41,0,0,23,13,43,4,0.266,0.324,0.347,15,3,東北楽天,2024,36
フランコ,68,243,229,20,50,5,0,8,79,30,0,0,9,2,49,7,0.218,0.251,0.345,0,3,東北楽天,2024,33
黒川　史陽,22,60,56,8,13,1,0,1,17,8,0,0,4,0,12,2,0.232,0.283,0.304,0,0,東北楽天,2024,24
山﨑　剛,5,6,6,1,0,0,0,0,0,0,0,0,0,0,1,0,0,0,0,0,0,東北楽天,2024,29
伊藤　裕季也,44,125,115,10,30,6,1,2,44,10,0,1,5,1,34,2,0.261,0.298,0.383,4,0,東北楽天,2024,29
山田　遥楓,25,27,25,2,4,2,0,0,6,1,0,0,2,0,10,0,0.16,0.222,0.24,0,0,東北楽天,2024,29
渡邊　佳明,47,154,136,9,34,2,0,0,36,11,0,0,11,0,26,3,0.25,0.302,0.265,5,2,東北楽天,2024,28
入江　大樹,5,14,12,2,5,0,0,0,5,0,0,0,1,0,3,0,0.417,0.462,0.417,1,0,東北楽天,2024,23
小森　航大郎,4,5,5,0,0,0,0,0,0,0,0,0,0,0,0,0,0,0,0,0,0,東京ヤクルト,2024,22
辰己　涼介,143,597,537,68,158,22,12,7,225,58,20,2,44,8,108,10,0.294,0.353,0.419,2,6,東北楽天,2024,28
田中　和基,68,34,31,8,4,1,0,0,5,1,0,0,0,0,9,0,0.129,0.129,0.161,3,0,東北楽天,2024,31
岡島　豪郎,31,93,80,6,16,1,1,1,22,6,0,1,11,1,15,3,0.2,0.304,0.275,1,0,東北楽天,2024,36
中島　大輔,37,128,123,18,28,8,1,1,41,10,1,0,2,3,21,2,0.228,0.258,0.333,0,0,東北楽天,2024,24
島内　宏明,40,154,131,8,28,3,1,0,33,12,0,0,16,3,16,4,0.214,0.307,0.252,0,3,東北楽天,2024,35
武藤　敦貴,7,5,5,0,1,0,0,0,1,0,0,1,0,0,2,0,0.2,0.2,0.2,0,0,東北楽天,2024,24
小郷　裕哉,143,642,565,64,145,24,6,7,202,49,32,5,68,3,120,6,0.257,0.337,0.358,1,5,東北楽天,2024,29
平良　竜哉,18,24,21,4,3,0,0,0,3,3,0,1,2,0,3,0,0.143,0.217,0.143,1,0,東北楽天,2024,27
辰見　鴻之介,2,3,3,1,0,0,0,0,0,0,0,0,0,0,2,0,0,0,0,0,0,東北楽天,2024,25
中村　悠平,96,353,291,16,69,9,0,0,78,23,0,0,30,4,54,7,0.237,0.315,0.268,26,2,東京ヤクルト,2024,35
松本　直樹,60,142,134,5,36,7,0,1,46,11,1,0,4,0,18,3,0.269,0.288,0.343,3,1,東京ヤクルト,2024,32
内山　壮真,24,54,52,2,10,1,0,0,11,3,1,0,1,1,13,2,0.192,0.222,0.212,0,0,東京ヤクルト,2024,23
鈴木　叶,2,4,4,0,2,0,0,0,2,2,0,0,0,0,1,0,0.5,0.5,0.5,0,0,東京ヤクルト,2024,19
橋本　星哉,1,1,1,0,0,0,0,0,0,0,0,0,0,0,1,0,0,0,0,0,0,東京ヤクルト,2024,25
赤羽　由紘,36,65,58,4,14,2,0,2,22,6,4,0,1,1,16,0,0.241,0.262,0.379,4,1,東京ヤクルト,2024,25
山田　哲人,110,385,340,38,77,14,1,14,135,39,1,0,36,5,86,6,0.226,0.306,0.397,0,4,東京ヤクルト,2024,33
川端　慎吾,61,61,58,1,13,0,0,0,13,6,0,0,2,1,9,1,0.224,0.262,0.224,0,0,東京ヤクルト,2024,38
長岡　秀樹,143,611,566,63,163,25,1,6,208,58,4,1,29,3,70,6,0.288,0.324,0.367,10,3,東京ヤクルト,2024,24
茂木　栄五郎,46,75,68,6,18,4,1,1,27,8,0,0,5,0,13,0,0.265,0.311,0.397,1,1,東北楽天,2024,31
宮本　丈,60,164,147,12,38,3,0,0,41,6,1,0,11,1,25,3,0.259,0.313,0.279,4,1,東京ヤクルト,2024,30
オスナ,141,585,539,54,144,28,0,17,223,72,0,3,40,3,91,24,0.267,0.32,0.414,0,3,東京ヤクルト,2024,30
山野辺　翔,50,90,80,10,17,3,1,0,22,0,6,1,5,0,17,1,0.213,0.259,0.275,5,0,埼玉西武,2024,31
北村　拓己,48,49,40,2,5,0,0,1,8,4,2,1,5,1,8,2,0.125,0.229,0.2,1,2,東京ヤクルト,2024,30
村上　宗隆,143,610,500,82,122,13,1,33,236,86,10,5,105,4,180,6,0.244,0.379,0.472,0,1,東京ヤクルト,2024,25
武岡　龍世,76,147,130,16,23,2,1,3,36,9,1,0,10,0,33,2,0.177,0.234,0.277,6,1,東京ヤクルト,2024,24
伊藤　琉偉,6,1,1,0,0,0,0,0,0,0,0,0,0,0,1,0,0,0,0,0,0,東京ヤクルト,2024,23
並木　秀尊,33,49,43,15,10,1,0,1,14,5,10,0,1,0,7,4,0.233,0.25,0.326,5,0,東京ヤクルト,2024,26
西川　遥輝,113,363,308,43,80,13,2,1,100,24,10,2,40,6,51,3,0.26,0.35,0.325,3,6,東京ヤクルト,2024,33
丸山　和郁,96,296,253,30,61,7,1,0,70,12,4,2,24,2,49,2,0.241,0.312,0.277,17,0,東京ヤクルト,2024,26
塩見　泰隆,31,113,101,15,27,3,0,3,39,8,3,0,9,2,16,1,0.267,0.336,0.386,0,1,東京ヤクルト,2024,32
サンタナ,122,484,419,57,132,29,0,17,212,70,2,1,57,4,101,8,0.315,0.399,0.506,0,4,東京ヤクルト,2024,33
澤井　廉,12,27,25,1,4,0,0,1,7,4,0,0,0,1,12,0,0.16,0.192,0.28,1,0,東京ヤクルト,2024,25
太田　賢吾,18,50,49,5,10,1,1,0,13,5,0,0,1,0,14,0,0.204,0.22,0.265,0,0,東京ヤクルト,2024,28
濱田　太貴,10,28,26,0,2,0,0,0,2,1,0,0,1,0,8,1,0.077,0.111,0.077,1,0,東京ヤクルト,2024,25
増田　珠,52,102,92,8,19,4,0,2,29,6,0,1,5,1,22,2,0.207,0.255,0.315,4,0,東京ヤクルト,2024,26
岩田　幸宏,81,140,123,19,28,2,0,1,33,7,10,0,6,2,22,2,0.228,0.275,0.268,9,0,東京ヤクルト,2024,28
若月　健矢,96,299,264,13,53,9,1,3,73,18,0,1,10,3,59,8,0.201,0.236,0.277,19,3,オリックス,2024,30
森　友哉,117,457,395,46,111,24,1,9,164,46,6,1,50,7,61,4,0.281,0.368,0.415,0,5,オリックス,2024,30
福永　奨,11,23,22,1,4,0,0,0,4,0,0,0,1,0,6,1,0.182,0.217,0.182,0,0,オリックス,2024,26
石川　亮,13,8,7,0,1,1,0,0,2,0,0,0,1,0,2,0,0.143,0.25,0.286,0,0,オリックス,2024,30
頓宮　裕真,81,290,249,17,49,7,1,7,79,30,0,0,32,7,57,8,0.197,0.303,0.317,0,2,オリックス,2024,29
西野　真弘,89,312,280,27,84,6,3,1,99,13,3,1,22,1,26,3,0.3,0.352,0.354,8,1,オリックス,2024,35
宗　佑磨,97,322,289,15,68,12,2,1,87,22,3,2,14,6,31,8,0.235,0.283,0.301,11,2,オリックス,2024,29
野口　智哉,12,30,27,4,3,1,0,1,7,1,0,1,1,2,10,0,0.111,0.2,0.259,0,0,オリックス,2024,26
大城　滉二,7,18,13,3,4,1,0,0,5,2,0,0,0,2,1,0,0.308,0.4,0.385,3,0,オリックス,2024,32
紅林　弘太郎,136,523,465,32,115,25,0,2,146,38,0,4,37,5,74,12,0.247,0.305,0.314,8,8,オリックス,2024,23
内藤　鵬,7,21,20,0,2,1,0,0,3,0,0,0,0,1,9,0,0.1,0.143,0.15,0,0,オリックス,2024,21
廣岡　大志,61,119,108,11,21,6,0,0,27,5,2,0,10,0,31,2,0.194,0.261,0.25,0,1,オリックス,2024,28
太田　椋,91,369,333,39,96,16,3,6,136,40,4,3,27,1,66,10,0.288,0.34,0.408,4,4,オリックス,2024,24
横山　聖哉,12,40,40,2,6,1,0,0,7,0,0,0,0,0,16,1,0.15,0.15,0.175,0,0,オリックス,2024,20
大里　昂生,51,176,153,11,36,4,2,2,50,8,5,2,14,1,26,1,0.235,0.304,0.327,8,0,オリックス,2024,26
中川　圭太,60,233,216,24,50,12,0,2,68,16,3,1,13,0,24,3,0.231,0.273,0.315,2,2,オリックス,2024,29
渡部　遼人,65,81,66,6,12,2,0,0,14,7,4,5,6,1,10,0,0.182,0.26,0.212,8,0,オリックス,2024,26
西川　龍馬,138,553,519,42,134,25,0,7,180,46,11,1,27,1,97,11,0.258,0.294,0.347,2,4,オリックス,2024,30
元　謙太,5,8,8,0,1,0,0,0,1,0,0,0,0,0,3,0,0.125,0.125,0.125,0,0,オリックス,2024,23
杉澤　龍,28,21,19,0,1,0,0,0,1,0,0,0,0,0,6,0,0.053,0.053,0.053,2,0,オリックス,2024,25
来田　涼斗,54,189,170,14,36,7,2,2,53,11,4,4,10,2,49,4,0.212,0.264,0.312,7,0,オリックス,2024,23
池田　陵真,8,23,23,0,4,0,0,0,4,0,0,0,0,0,4,1,0.174,0.174,0.174,0,0,オリックス,2024,22
佐野　皓大,4,2,2,1,0,0,0,0,0,0,0,1,0,0,0,1,0,0,0,0,0,オリックス,2024,29
茶野　篤政,16,57,52,6,14,2,1,0,18,6,5,0,3,0,13,0,0.269,0.304,0.346,1,1,オリックス,2024,26
福田　周平,69,261,228,25,53,6,1,1,64,13,7,3,25,2,26,1,0.232,0.314,0.281,6,0,オリックス,2024,33
杉本　裕太郎,82,239,219,17,51,7,0,11,91,27,1,0,15,4,56,5,0.233,0.293,0.416,0,1,オリックス,2024,34
宜保　翔,22,14,12,2,3,0,0,0,3,0,1,0,2,0,3,0,0.25,0.357,0.25,0,0,オリックス,2024,25
古賀　悠斗,105,279,246,16,56,3,1,3,70,12,0,0,20,0,58,8,0.228,0.286,0.285,13,0,埼玉西武,2024,26
炭谷　銀仁朗,49,103,85,1,16,2,1,0,20,6,0,0,6,1,20,2,0.188,0.247,0.235,10,1,埼玉西武,2024,38
柘植　世那,42,45,42,1,7,1,0,0,8,1,0,0,1,1,10,0,0.167,0.205,0.19,1,0,埼玉西武,2024,28
牧野　翔矢,10,20,20,0,1,0,0,0,1,0,0,0,0,0,10,0,0.05,0.05,0.05,0,0,埼玉西武,2024,24
古市　尊,6,6,6,0,0,0,0,0,0,0,1,0,0,0,0,0,0,0,0,0,0,埼玉西武,2024,23
仲田　慶介,24,16,14,2,3,0,0,0,3,0,0,0,1,0,3,1,0.214,0.267,0.214,1,0,福岡ソフトバンク,2024,26
児玉　亮涼,32,58,50,3,9,2,2,0,15,2,5,0,5,1,9,2,0.18,0.268,0.3,2,0,埼玉西武,2024,27
山野辺　翔,50,90,80,10,17,3,1,0,22,0,6,1,5,0,17,1,0.213,0.259,0.275,5,0,埼玉西武,2024,31
外崎　修汰,127,500,436,41,99,25,1,7,147,41,11,3,45,10,88,15,0.227,0.312,0.337,6,3,埼玉西武,2024,32
源田　壮亮,143,577,522,41,138,15,7,3,176,21,12,4,32,1,75,4,0.264,0.307,0.337,20,2,埼玉西武,2024,32
佐藤　龍世,93,345,295,25,72,20,1,7,115,34,0,4,37,4,70,10,0.244,0.33,0.39,3,6,埼玉西武,2024,28
元山　飛優,33,81,77,2,11,2,0,1,16,7,0,0,2,1,21,2,0.143,0.175,0.208,1,0,埼玉西武,2024,26
山村　崇嘉,58,223,201,14,44,5,1,2,57,23,1,2,13,2,38,2,0.219,0.268,0.284,3,4,埼玉西武,2024,23
セデーニョ,98,334,304,29,79,9,0,15,133,37,0,2,23,5,97,15,0.26,0.32,0.438,0,2,オリックス,2024,27
髙松　渡,35,6,6,7,0,0,0,0,0,0,8,2,0,0,4,0,0,0,0,0,0,埼玉西武,2024,26
中村　剛也,58,205,188,13,36,13,0,7,70,14,1,0,14,2,55,3,0.191,0.254,0.372,0,1,埼玉西武,2024,42
滝澤　夏央,68,137,118,15,22,1,2,0,27,4,3,1,8,1,30,0,0.186,0.244,0.229,10,0,埼玉西武,2024,22
渡部　健人,11,38,33,0,1,0,0,0,1,0,0,0,5,0,18,0,0.03,0.158,0.03,0,0,埼玉西武,2024,26
野村　大樹,2,2,2,0,0,0,0,0,0,0,0,0,0,0,0,0,0,0,0,0,0,福岡ソフトバンク,2024,25
野村　大樹,57,204,178,15,40,10,4,5,73,22,1,1,19,3,44,6,0.225,0.305,0.41,1,3,埼玉西武,2024,25
村田　怜音,4,13,13,0,3,0,0,0,3,1,0,0,0,0,4,0,0.231,0.231,0.231,0,0,埼玉西武,2024,24
栗山　巧,60,154,124,8,28,7,1,1,40,12,0,0,26,2,23,1,0.226,0.364,0.323,0,2,埼玉西武,2024,42
蛭間　拓哉,63,232,214,16,47,8,1,1,60,16,3,1,9,5,43,3,0.22,0.266,0.28,3,1,埼玉西武,2024,25
平沼　翔太,45,144,132,12,35,9,0,0,44,9,0,0,8,2,23,2,0.265,0.317,0.333,2,0,埼玉西武,2024,28
松原　聖弥,9,16,13,1,2,0,0,0,2,2,0,0,3,0,5,0,0.154,0.313,0.154,0,0,読　売,2024,30
松原　聖弥,24,72,65,5,8,2,1,0,12,5,1,0,5,0,23,0,0.123,0.186,0.185,2,0,埼玉西武,2024,30
西川　愛也,104,335,313,30,71,11,2,6,104,31,8,2,15,1,57,6,0.227,0.263,0.332,4,2,埼玉西武,2024,26
長谷川　信哉,72,239,208,13,38,4,1,2,50,8,10,2,19,7,41,4,0.183,0.274,0.24,5,0,埼玉西武,2024,23
岸　潤一郎,98,311,287,25,62,9,2,6,93,25,4,5,14,3,50,7,0.216,0.26,0.324,7,0,埼玉西武,2024,28
奥村　光一,45,84,79,3,14,2,0,0,16,3,2,3,2,2,12,1,0.177,0.217,0.203,1,0,埼玉西武,2024,25
ガルシア,19,69,61,3,8,5,0,1,16,4,0,0,7,1,26,2,0.131,0.232,0.262,0,0,埼玉西武,2024,25
松尾　汐恩,27,40,38,3,8,3,0,0,11,1,0,0,1,1,8,1,0.211,0.25,0.289,0,0,横浜DeNA,2024,21
戸柱　恭孝,46,97,90,4,22,4,0,0,26,4,0,0,5,1,15,5,0.244,0.292,0.289,1,0,横浜DeNA,2024,35
伊藤　光,39,94,88,7,18,4,0,1,25,14,0,0,4,2,24,1,0.205,0.255,0.284,0,0,横浜DeNA,2024,36
山本　祐大,108,403,358,29,104,14,2,5,137,37,1,1,27,3,41,12,0.291,0.34,0.383,9,6,横浜DeNA,2024,27
東妻　純平,3,2,2,0,1,1,0,0,2,1,0,0,0,0,0,0,0.5,0.5,1,0,0,横浜DeNA,2024,24
林　琢真,63,114,102,11,17,5,1,0,24,7,6,3,8,1,24,2,0.167,0.232,0.235,2,1,横浜DeNA,2024,25
牧　秀悟,133,561,517,76,152,33,0,23,254,74,11,0,37,5,59,13,0.294,0.346,0.491,0,2,横浜DeNA,2024,27
オースティン,106,445,396,66,125,34,2,25,238,69,0,1,45,0,88,12,0.316,0.382,0.601,0,4,横浜DeNA,2024,34
森　敬斗,71,200,187,16,47,12,1,0,61,5,8,6,12,0,43,4,0.251,0.295,0.326,0,1,横浜DeNA,2024,23
京田　陽太,101,236,216,18,53,7,1,1,65,27,3,1,13,0,43,4,0.245,0.284,0.301,4,3,横浜DeNA,2024,31
三森　大貴,25,71,66,6,19,2,0,1,24,13,2,1,4,0,10,1,0.288,0.329,0.364,1,0,福岡ソフトバンク,2024,26
柴田　竜拓,82,34,23,4,6,0,0,0,6,2,1,0,3,1,7,0,0.261,0.37,0.261,7,0,横浜DeNA,2024,31
石上　泰輝,26,79,71,3,13,4,0,0,17,3,2,0,6,0,17,3,0.183,0.247,0.239,2,0,横浜DeNA,2024,24
宮﨑　敏郎,125,469,410,49,116,24,0,14,182,56,1,1,52,6,29,9,0.283,0.371,0.444,0,1,横浜DeNA,2024,36
井上　絢登,25,48,42,2,8,5,0,0,13,4,1,0,2,2,8,1,0.19,0.261,0.31,2,0,横浜DeNA,2024,25
知野　直人,24,22,18,3,2,1,0,0,3,2,1,0,4,0,4,1,0.111,0.273,0.167,0,0,横浜DeNA,2024,26
桑原　将志,106,321,285,35,77,12,0,5,104,24,8,0,19,4,42,6,0.27,0.321,0.365,9,4,横浜DeNA,2024,32
度会　隆輝,75,272,251,21,64,7,1,3,82,24,2,2,12,7,43,6,0.255,0.306,0.327,1,1,横浜DeNA,2024,23
佐野　恵太,139,566,524,51,143,34,0,8,201,62,0,0,35,4,53,17,0.273,0.322,0.384,0,3,横浜DeNA,2024,30
神里　和毅,25,25,23,3,3,0,0,0,3,0,2,0,1,1,12,0,0.13,0.2,0.13,0,0,横浜DeNA,2024,31
筒香　嘉智,57,168,149,12,28,6,3,7,61,23,0,0,16,2,51,5,0.188,0.274,0.409,0,1,横浜DeNA,2024,34
梶原　昂希,91,351,339,49,99,16,3,4,133,30,16,2,7,4,98,2,0.292,0.314,0.392,1,0,横浜DeNA,2024,26
蝦名　達夫,76,253,223,28,57,13,0,3,79,17,3,7,17,6,51,1,0.256,0.324,0.354,6,1,横浜DeNA,2024,28
関根　大気,79,142,128,14,29,2,0,0,31,4,2,3,11,2,19,2,0.227,0.298,0.242,1,0,横浜DeNA,2024,30
甲斐　拓也,68,250,223,17,58,4,0,4,74,20,3,1,23,0,58,8,0.26,0.327,0.332,2,2,読　売,2025,34
小林　誠司,14,26,21,2,3,1,0,0,4,1,0,0,3,0,8,1,0.143,0.25,0.19,2,0,読　売,2025,37
大城　卓三,56,99,91,6,17,3,0,3,29,10,0,0,6,1,27,4,0.187,0.242,0.319,0,1,読　売,2025,33
岸田　行倫,87,299,266,25,78,9,0,8,111,39,0,1,25,1,44,4,0.293,0.355,0.417,6,1,読　売,2025,30
郡　拓也,3,2,2,0,0,0,0,0,0,0,0,0,0,0,0,0,0,0,0,0,0,読　売,2025,28
山瀬　慎之助,1,4,4,0,1,0,0,0,1,2,0,0,0,0,1,0,0.25,0.25,0.25,0,0,読　売,2025,25
湯浅　大,8,3,3,2,0,0,0,0,0,0,0,0,0,0,1,0,0,0,0,0,0,読　売,2025,26
増田　大輝,53,25,22,5,3,1,0,0,4,0,3,2,0,0,7,0,0.136,0.136,0.182,3,0,読　売,2025,33
吉川　尚輝,107,455,404,33,112,15,3,3,142,32,8,3,41,5,63,7,0.277,0.349,0.351,2,3,読　売,2025,31
門脇　誠,81,176,157,14,35,6,1,0,43,4,6,1,10,1,32,2,0.223,0.274,0.274,8,0,読　売,2025,25
坂本　勇人,62,173,154,7,32,10,0,3,51,22,0,0,14,1,40,6,0.208,0.272,0.331,0,4,読　売,2025,36
石塚　裕惺,9,9,9,0,1,0,0,0,1,0,0,0,0,0,5,0,0.111,0.111,0.111,0,0,読　売,2025,20
岡本　和真,69,293,251,38,82,21,1,15,150,49,1,1,33,7,33,5,0.327,0.416,0.598,0,2,読　売,2025,30
浦田　俊輔,22,60,53,4,11,2,0,0,13,4,0,1,3,1,7,1,0.208,0.263,0.245,3,0,読　売,2025,24
泉口　友汰,133,573,512,67,154,23,3,6,201,39,4,5,47,4,60,8,0.301,0.362,0.393,7,3,読　売,2025,27
中山　礼都,103,312,287,35,76,13,0,7,110,32,1,2,20,3,42,6,0.265,0.319,0.383,2,0,読　売,2025,24
リチャード,6,22,22,1,2,2,0,0,4,0,0,0,0,0,12,1,0.091,0.091,0.182,0,0,福岡ソフトバンク,2025,27
リチャード,77,253,232,17,49,7,0,11,89,39,1,0,13,6,90,4,0.211,0.269,0.384,0,2,読　売,2025,27
秋広　優人,5,8,7,0,1,0,0,0,1,0,0,0,1,0,0,0,0.143,0.25,0.143,0,0,読　売,2025,24
秋広　優人,22,59,53,4,11,2,0,1,16,4,0,0,5,1,16,1,0.208,0.288,0.302,0,0,福岡ソフトバンク,2025,24
荒巻　悠,31,61,54,1,16,1,0,1,20,1,0,2,7,0,13,0,0.296,0.377,0.37,0,0,読　売,2025,23
増田　陸,87,286,264,22,61,10,0,5,86,21,0,3,13,3,62,4,0.231,0.272,0.326,3,3,読　売,2025,26
長野　久義,17,24,22,1,3,0,0,0,3,0,0,0,2,0,8,0,0.136,0.208,0.136,0,0,読　売,2025,41
丸　佳浩,90,369,326,30,87,19,3,6,130,26,5,4,40,0,57,5,0.267,0.345,0.399,1,2,読　売,2025,37
萩尾　匡也,9,25,23,0,4,0,0,0,4,0,1,0,1,0,5,0,0.174,0.208,0.174,1,0,読　売,2025,25
キャベッジ,123,476,431,50,115,26,1,17,194,51,5,3,37,5,144,4,0.267,0.331,0.45,1,2,読　売,2025,29
岡田　悠希,11,19,18,1,3,1,0,0,4,2,0,0,1,0,10,0,0.167,0.211,0.222,0,0,読　売,2025,26
フルプ,2,5,5,0,0,0,0,0,0,0,0,0,0,0,3,0,0,0,0,0,0,読　売,2025,27
ヘルナンデス,52,171,152,14,32,8,0,2,46,8,0,3,18,1,34,5,0.211,0.298,0.303,0,0,読　売,2025,32
重信　慎之介,10,3,3,1,1,0,0,0,1,0,1,0,0,0,2,0,0.333,0.333,0.333,0,0,読　売,2025,33
佐々木　俊輔,53,161,141,14,35,4,1,0,41,10,1,4,10,0,34,2,0.248,0.298,0.291,10,0,読　売,2025,27
オコエ　瑠偉,61,140,126,12,31,4,2,0,39,5,3,3,7,1,29,1,0.246,0.291,0.31,6,0,読　売,2025,29
浅野　翔吾,29,83,75,6,14,4,0,2,24,8,1,0,4,2,17,1,0.187,0.244,0.32,1,1,読　売,2025,22
乙坂　智,5,5,5,0,1,1,0,0,2,0,0,0,0,0,1,0,0.2,0.2,0.4,0,0,読　売,2025,32
若林　楽人,86,241,216,30,52,10,2,3,75,16,9,1,15,5,40,0,0.241,0.304,0.347,4,1,読　売,2025,28
笹原　操希,13,22,20,1,2,0,0,0,2,0,0,0,2,0,7,0,0.1,0.182,0.1,0,0,読　売,2025,22
三塚　琉生,6,12,12,0,0,0,0,0,0,0,0,0,0,0,8,0,0,0,0,0,0,読　売,2025,22
鈴木　大和,4,0,0,1,0,0,0,0,0,0,0,0,0,0,0,0,0,0,0,0,0,読　売,2025,27
渡邉　陸,24,51,45,4,10,2,0,0,12,5,1,0,5,1,17,0,0.222,0.314,0.267,0,0,福岡ソフトバンク,2025,26
嶺井　博希,63,161,143,16,32,3,0,4,47,19,0,0,4,4,31,3,0.224,0.261,0.329,8,2,福岡ソフトバンク,2025,35
谷川原　健太,48,79,72,12,19,7,0,3,35,4,0,0,6,1,20,0,0.264,0.329,0.486,0,0,福岡ソフトバンク,2025,29
石塚　綜一郎,24,60,55,4,13,4,0,0,17,6,0,0,1,4,17,2,0.236,0.3,0.309,0,0,福岡ソフトバンク,2025,25
海野　隆司,105,281,246,24,54,11,2,0,69,21,0,0,10,1,76,4,0.22,0.253,0.28,24,0,福岡ソフトバンク,2025,29
藤田　悠太郎,2,0,0,0,0,0,0,0,0,0,0,0,0,0,0,0,0,0,0,0,0,福岡ソフトバンク,2025,21
川瀬　晃,102,224,190,21,50,8,1,2,66,23,1,1,20,1,37,5,0.263,0.336,0.347,13,0,福岡ソフトバンク,2025,29
ダウンズ,50,168,146,21,33,10,3,4,61,18,4,1,19,1,36,0,0.226,0.315,0.418,0,2,福岡ソフトバンク,2025,28
山川　穂高,130,496,443,45,100,9,0,23,178,62,0,0,45,4,126,7,0.226,0.3,0.402,0,4,福岡ソフトバンク,2025,35
今宮　健太,46,182,161,14,41,8,1,2,57,12,0,0,12,2,23,7,0.255,0.313,0.354,6,1,福岡ソフトバンク,2025,35
牧原　大成,125,443,418,44,127,17,6,5,171,49,12,4,7,3,63,4,0.304,0.317,0.409,11,4,福岡ソフトバンク,2025,34
周東　佑京,96,430,384,45,110,13,2,3,136,36,35,4,37,5,73,5,0.286,0.357,0.354,4,0,福岡ソフトバンク,2025,30
栗原　陵矢,80,332,285,33,76,12,2,8,116,40,1,1,40,2,67,6,0.267,0.356,0.407,1,4,福岡ソフトバンク,2025,30
庄子　雄大,26,18,17,2,4,3,0,0,7,2,1,0,1,0,5,0,0.235,0.278,0.412,0,0,福岡ソフトバンク,2025,24
廣瀨　隆太,30,94,85,6,19,2,0,1,24,7,1,0,7,0,28,2,0.224,0.28,0.282,1,1,福岡ソフトバンク,2025,25
イヒネ　イツア,1,0,0,0,0,0,0,0,0,0,0,0,0,0,0,0,0,0,0,0,0,福岡ソフトバンク,2025,22
井上　朋也,8,24,24,0,3,0,0,0,3,1,0,0,0,0,5,0,0.125,0.125,0.125,0,0,福岡ソフトバンク,2025,23
リチャード,6,22,22,1,2,2,0,0,4,0,0,0,0,0,12,1,0.091,0.091,0.182,0,0,福岡ソフトバンク,2025,27
リチャード,77,253,232,17,49,7,0,11,89,39,1,0,13,6,90,4,0.211,0.269,0.384,0,2,読　売,2025,27
秋広　優人,5,8,7,0,1,0,0,0,1,0,0,0,1,0,0,0,0.143,0.25,0.143,0,0,読　売,2025,24
秋広　優人,22,59,53,4,11,2,0,1,16,4,0,0,5,1,16,1,0.208,0.288,0.302,0,0,福岡ソフトバンク,2025,24
野村　勇,126,413,376,50,102,16,0,12,154,40,18,4,25,5,122,8,0.271,0.324,0.41,5,2,福岡ソフトバンク,2025,29
近藤　健介,75,307,256,28,77,17,1,10,126,41,0,0,47,2,43,6,0.301,0.41,0.492,0,2,福岡ソフトバンク,2025,33
中村　晃,116,431,371,34,89,10,4,3,116,34,1,2,50,2,48,6,0.24,0.33,0.313,4,4,福岡ソフトバンク,2025,37
柳田　悠岐,20,78,73,12,21,3,0,4,36,9,0,0,5,0,13,1,0.288,0.333,0.493,0,0,福岡ソフトバンク,2025,38
佐藤　直樹,104,212,188,30,45,7,5,5,77,18,10,2,13,1,72,2,0.239,0.291,0.41,9,1,福岡ソフトバンク,2025,28
正木　智也,17,65,58,4,15,0,0,2,21,8,1,0,5,0,12,2,0.259,0.308,0.362,0,2,福岡ソフトバンク,2025,27
柳町　達,131,517,442,54,129,17,1,6,166,50,2,2,62,6,109,8,0.292,0.384,0.376,4,3,福岡ソフトバンク,2025,29
笹川　吉康,26,63,61,8,13,0,0,1,16,8,2,0,0,1,16,1,0.213,0.222,0.262,0,1,福岡ソフトバンク,2025,24
緒方　理貢,101,79,74,25,16,2,1,0,20,6,8,3,3,0,12,3,0.216,0.247,0.27,2,0,福岡ソフトバンク,2025,28
川村　友斗,15,9,9,2,1,0,0,0,1,0,0,0,0,0,3,0,0.111,0.111,0.111,0,0,福岡ソフトバンク,2025,27
山本　恵大,25,80,70,8,15,1,0,2,22,6,0,0,7,3,17,5,0.214,0.313,0.314,0,0,福岡ソフトバンク,2025,27
梅野　隆太郎,52,132,118,7,26,4,0,0,30,2,2,3,7,1,29,2,0.22,0.27,0.254,6,0,阪　神,2025,35
坂本　誠志郎,117,414,340,21,84,19,1,2,111,27,2,2,53,5,91,6,0.247,0.357,0.326,16,0,阪　神,2025,33
榮枝　裕貴,8,9,9,1,2,0,0,0,2,1,0,1,0,0,3,0,0.222,0.222,0.222,0,0,阪　神,2025,28
長坂　拳弥,1,1,1,0,0,0,0,0,0,0,0,0,0,0,0,1,0,0,0,0,0,阪　神,2025,32
中川　勇斗,25,59,56,3,15,1,0,2,22,2,0,0,2,0,16,2,0.268,0.293,0.393,1,0,阪　神,2025,22
木浪　聖也,72,203,181,12,35,8,2,0,47,15,1,1,12,3,48,1,0.193,0.255,0.26,7,0,阪　神,2025,32
大山　悠輔,141,587,503,52,133,25,1,13,199,75,6,3,74,6,96,16,0.264,0.363,0.396,0,4,阪　神,2025,31
熊谷　敬宥,85,170,156,22,35,2,3,1,46,18,6,4,5,1,33,5,0.224,0.253,0.295,8,0,阪　神,2025,31
佐藤　輝明,139,597,537,83,149,34,4,40,311,102,10,2,57,0,163,5,0.277,0.345,0.579,0,3,阪　神,2025,27
渡邉　諒,22,24,19,0,3,0,0,0,3,1,0,0,5,0,8,1,0.158,0.333,0.158,0,0,阪　神,2025,31
糸原　健斗,61,75,69,0,14,0,0,0,14,4,1,0,5,0,16,1,0.203,0.253,0.203,0,1,阪　神,2025,34
小幡　竜平,89,297,265,23,59,8,0,5,82,17,6,2,18,1,64,5,0.223,0.272,0.309,10,3,阪　神,2025,26
中野　拓夢,143,625,531,65,150,18,3,0,174,30,19,7,44,3,77,5,0.282,0.339,0.328,44,3,阪　神,2025,30
植田　海,42,19,17,10,1,1,0,0,2,1,4,1,2,0,9,0,0.059,0.158,0.118,0,0,阪　神,2025,30
髙寺　望夢,67,160,134,10,31,4,0,2,41,7,4,1,18,1,37,1,0.231,0.325,0.306,6,1,阪　神,2025,24
原口　文仁,16,17,16,1,1,0,0,0,1,2,0,0,1,0,5,2,0.063,0.118,0.063,0,0,阪　神,2025,34
ヘルナンデス,47,101,96,3,22,3,0,1,28,8,0,0,4,0,26,6,0.229,0.257,0.292,0,1,阪　神,2025,32
森下　翔太,143,620,549,82,151,24,5,23,254,89,5,2,54,12,86,15,0.275,0.35,0.463,0,5,阪　神,2025,26
近本　光司,140,638,573,76,160,25,4,3,202,34,32,9,60,2,88,3,0.279,0.348,0.353,0,3,阪　神,2025,32
井上　広大,1,3,3,0,0,0,0,0,0,0,1,0,0,0,2,0,0,0,0,0,0,阪　神,2025,25
井坪　陽生,6,18,18,1,3,0,0,0,3,0,0,0,0,0,4,0,0.167,0.167,0.167,0,0,阪　神,2025,21
島田　海吏,28,35,31,2,4,0,0,0,4,0,1,2,1,0,1,0,0.129,0.156,0.129,3,0,阪　神,2025,30
楠本　泰史,16,16,15,0,2,1,0,0,3,1,0,0,1,0,6,0,0.133,0.188,0.2,0,0,阪　神,2025,31
前川　右京,69,209,195,11,48,10,1,1,63,15,0,1,8,6,30,2,0.246,0.297,0.323,0,0,阪　神,2025,23
小野寺　暖,19,30,29,3,7,1,0,0,8,0,0,0,1,0,9,0,0.241,0.267,0.276,0,0,阪　神,2025,28
豊田　寛,33,61,56,2,13,4,0,0,17,4,0,0,4,0,16,3,0.232,0.279,0.304,0,1,阪　神,2025,29
マルティネス,34,73,69,6,12,3,0,1,18,8,0,0,2,1,25,1,0.174,0.205,0.261,0,1,北海道日本ハム,2025,30
伏見　寅威,64,175,158,7,38,5,0,2,49,11,0,0,10,2,34,5,0.241,0.294,0.31,5,0,北海道日本ハム,2025,36
郡司　裕也,111,422,364,46,108,15,0,10,153,42,0,0,45,6,71,7,0.297,0.379,0.42,2,5,北海道日本ハム,2025,28
進藤　勇也,13,31,26,3,2,0,0,0,2,0,0,0,2,0,8,1,0.077,0.143,0.077,3,0,北海道日本ハム,2025,24
吉田　賢吾,47,112,106,9,23,6,1,4,43,9,0,1,5,1,20,5,0.217,0.259,0.406,0,0,北海道日本ハム,2025,25
田宮　裕涼,79,274,245,29,62,6,1,5,85,21,2,4,18,1,44,4,0.253,0.303,0.347,7,3,北海道日本ハム,2025,26
梅林　優貴,2,5,5,0,0,0,0,0,0,0,0,0,0,0,3,0,0,0,0,0,0,北海道日本ハム,2025,28
上川畑　大悟,35,81,72,4,12,3,0,0,15,5,0,0,7,2,9,4,0.167,0.259,0.208,0,0,北海道日本ハム,2025,29
野村　佑希,101,369,339,28,91,18,1,8,135,35,1,1,26,3,70,4,0.268,0.325,0.398,0,1,北海道日本ハム,2025,26
中島　卓也,32,30,21,4,7,0,0,0,7,1,2,0,7,0,7,0,0.333,0.5,0.333,2,0,北海道日本ハム,2025,35
清宮　幸太郎,138,577,525,63,143,25,1,12,206,65,8,1,46,1,85,9,0.272,0.329,0.392,0,5,北海道日本ハム,2025,27
石井　一成,108,364,332,41,86,17,3,6,127,30,3,0,23,0,86,1,0.259,0.306,0.383,8,1,北海道日本ハム,2025,32
有薗　直輝,12,35,31,3,7,2,0,0,9,3,0,0,2,1,12,1,0.226,0.286,0.29,0,1,北海道日本ハム,2025,23
水野　達稀,100,332,295,32,73,10,7,7,118,39,5,0,21,10,69,4,0.247,0.317,0.4,4,2,北海道日本ハム,2025,26
阪口　樂,1,1,1,0,0,0,0,0,0,0,0,0,0,0,1,0,0,0,0,0,0,北海道日本ハム,2025,23
若林　晃弘,5,7,7,0,1,0,0,0,1,0,0,0,0,0,1,0,0.143,0.143,0.143,0,0,北海道日本ハム,2025,33
山縣　秀,84,198,185,15,43,7,0,3,59,11,3,0,1,2,34,4,0.232,0.242,0.319,8,2,北海道日本ハム,2025,24
細川　凌平,16,19,16,1,2,0,0,0,2,1,2,0,1,0,2,0,0.125,0.176,0.125,2,0,北海道日本ハム,2025,24
奈良間　大己,86,103,91,11,20,2,0,1,25,3,3,1,7,2,34,1,0.22,0.29,0.275,3,0,北海道日本ハム,2025,26
松本　剛,66,185,160,13,30,4,1,0,36,7,3,4,17,4,24,5,0.188,0.282,0.225,4,0,北海道日本ハム,2025,33
淺間　大基,39,108,92,4,17,2,0,2,25,7,2,0,14,0,19,1,0.185,0.292,0.272,2,0,北海道日本ハム,2025,30
宮崎　一樹,5,6,6,0,1,1,0,0,2,1,0,0,0,0,4,0,0.167,0.167,0.333,0,0,北海道日本ハム,2025,25
五十幡　亮汰,118,307,284,45,66,5,10,1,94,18,25,10,18,2,73,1,0.232,0.283,0.331,3,0,北海道日本ハム,2025,28
水谷　瞬,87,321,296,45,82,16,3,12,140,41,6,3,18,3,77,1,0.277,0.322,0.473,1,3,北海道日本ハム,2025,25
今川　優馬,18,57,53,9,13,3,0,2,22,5,0,0,4,0,14,2,0.245,0.298,0.415,0,0,北海道日本ハム,2025,29
万波　中正,127,465,420,48,96,23,1,20,181,56,3,3,43,1,125,10,0.229,0.302,0.431,1,0,北海道日本ハム,2025,26
レイエス,132,531,476,62,132,17,0,32,245,90,0,0,52,0,129,8,0.277,0.347,0.515,0,3,北海道日本ハム,2025,31
石伊　雄太,85,270,235,17,52,9,0,3,70,21,0,1,14,3,63,6,0.221,0.272,0.298,16,2,中　日,2025,26
木下　拓哉,38,122,112,7,27,3,0,2,36,8,0,0,8,0,20,3,0.241,0.292,0.321,2,0,中　日,2025,34
宇佐見　真吾,20,41,34,2,4,0,0,0,4,1,0,0,6,0,13,1,0.118,0.25,0.118,1,0,中　日,2025,33
味谷　大誠,3,8,7,1,1,0,0,0,1,1,0,0,0,0,3,0,0.143,0.125,0.143,0,1,中　日,2025,23
加藤　匠馬,47,75,64,4,15,1,0,1,19,6,0,0,2,0,17,2,0.234,0.258,0.297,9,0,中　日,2025,34
石橋　康太,10,12,8,0,1,0,0,0,1,1,0,0,3,0,3,0,0.125,0.364,0.125,1,0,中　日,2025,25
辻本　倫太郎,29,56,53,3,7,3,0,0,10,1,0,0,0,0,10,1,0.132,0.132,0.189,3,0,中　日,2025,25
田中　幹也,95,365,315,33,85,13,1,1,103,21,12,2,24,2,35,2,0.27,0.324,0.327,22,2,中　日,2025,25
高橋　周平,41,101,94,1,22,5,0,0,27,8,0,0,7,0,21,2,0.234,0.287,0.287,0,0,中　日,2025,32
カリステ,61,192,176,13,40,9,1,1,54,14,1,1,12,0,37,4,0.227,0.272,0.307,1,3,中　日,2025,34
村松　開人,54,186,158,9,28,3,1,2,39,10,2,2,13,3,39,1,0.177,0.249,0.247,9,3,中　日,2025,25
中田　翔,26,69,63,4,10,3,0,2,19,4,0,0,6,0,13,1,0.159,0.232,0.302,0,0,中　日,2025,37
福永　裕基,20,57,52,4,9,1,0,1,13,3,0,1,4,1,16,1,0.173,0.246,0.25,0,0,中　日,2025,30
チェイビス,38,120,105,7,18,4,0,5,37,8,0,0,11,3,32,2,0.171,0.267,0.352,0,1,中　日,2025,31
石川　昂弥,22,75,72,6,10,2,0,1,15,5,0,1,2,1,27,1,0.139,0.173,0.208,0,0,中　日,2025,25
津田　啓史,5,3,3,0,0,0,0,0,0,0,0,0,0,0,3,0,0,0,0,0,0,中　日,2025,24
森　駿太,6,22,20,1,4,0,1,0,6,0,0,0,1,1,8,0,0.2,0.273,0.3,0,0,中　日,2025,19
土田　龍空,20,53,51,1,7,2,0,0,9,2,0,0,2,0,16,2,0.137,0.17,0.176,0,0,中　日,2025,23
山本　泰寛,112,372,347,23,84,12,2,4,112,23,3,2,10,1,62,5,0.242,0.265,0.323,14,0,中　日,2025,33
板山　祐太郎,84,193,179,17,37,5,2,2,52,10,0,0,10,1,50,4,0.207,0.251,0.291,2,1,中　日,2025,32
佐藤　龍世,23,77,66,5,13,3,0,0,16,3,1,0,8,0,20,2,0.197,0.28,0.242,2,1,中　日,2025,29
ロドリゲス,20,34,29,3,6,1,0,0,7,1,0,0,4,0,11,1,0.207,0.303,0.241,1,0,中　日,2025,25
樋口　正修,33,25,22,2,2,0,0,0,2,0,5,3,1,0,8,0,0.091,0.13,0.091,2,0,中　日,2025,28
尾田　剛樹,28,5,5,7,0,0,0,0,0,0,5,1,0,0,2,0,0,0,0,0,0,中　日,2025,26
岡林　勇希,143,637,578,71,168,22,8,5,221,35,17,5,51,1,57,1,0.291,0.348,0.382,4,3,中　日,2025,24
大島　洋平,59,98,95,8,23,0,0,0,23,4,4,0,3,0,14,0,0.242,0.265,0.242,0,0,中　日,2025,41
ボスラー,122,493,452,37,118,33,2,13,194,58,0,1,30,6,101,5,0.261,0.312,0.429,0,5,中　日,2025,33
濱　将乃介,5,4,4,0,1,0,0,0,1,1,0,0,0,0,1,0,0.25,0.25,0.25,0,0,中　日,2025,26
ブライト　健太,83,157,139,17,36,10,2,3,59,20,0,2,13,3,40,3,0.259,0.335,0.424,2,0,中　日,2025,27
川越　誠司,28,43,37,2,7,1,0,0,8,0,0,0,4,2,12,0,0.189,0.302,0.216,0,0,中　日,2025,33
上林　誠知,134,517,486,52,131,21,4,17,211,52,27,5,20,4,102,3,0.27,0.303,0.434,6,1,中　日,2025,31
駿太,22,18,17,2,4,0,0,0,4,0,0,1,0,0,7,0,0.235,0.235,0.235,1,0,中　日,2025,33
細川　成也,108,428,360,38,92,22,1,20,176,58,2,3,61,4,109,11,0.256,0.367,0.489,0,3,中　日,2025,28
鵜飼　航丞,30,53,53,0,10,0,0,0,10,1,1,0,0,0,13,1,0.189,0.189,0.189,0,0,中　日,2025,27
松川　虎生,6,9,8,0,0,0,0,0,0,0,0,0,1,0,3,1,0,0.111,0,0,0,千葉ロッテ,2025,23
田村　龍弘,18,43,38,1,6,0,0,1,9,3,0,0,0,0,10,3,0.158,0.158,0.237,5,0,千葉ロッテ,2025,32
佐藤　都志也,68,224,198,13,41,8,0,4,61,18,3,0,18,4,42,1,0.207,0.285,0.308,3,1,千葉ロッテ,2025,28
植田　将太,5,5,5,0,1,0,0,0,1,0,0,0,0,0,0,1,0.2,0.2,0.2,0,0,千葉ロッテ,2025,28
寺地　隆成,116,445,414,33,106,16,0,5,137,33,0,0,19,7,67,8,0.256,0.299,0.331,3,2,千葉ロッテ,2025,21
池田　来翔,83,249,227,22,54,11,0,5,80,20,2,1,11,4,45,8,0.238,0.282,0.352,4,3,千葉ロッテ,2025,26
友杉　篤輝,116,319,278,28,64,11,2,1,82,15,7,7,15,3,45,3,0.23,0.275,0.295,21,2,千葉ロッテ,2025,26
安田　尚憲,93,350,317,22,77,15,0,0,92,25,1,1,25,4,65,6,0.243,0.303,0.29,0,4,千葉ロッテ,2025,27
藤岡　裕大,102,373,320,25,82,17,1,4,113,25,1,0,42,1,67,11,0.256,0.341,0.353,6,4,千葉ロッテ,2025,33
中村　奨吾,20,64,59,2,11,2,0,1,16,3,0,0,4,1,9,0,0.186,0.25,0.271,0,0,千葉ロッテ,2025,34
上田　希由翔,66,184,166,18,35,11,0,3,55,20,0,0,15,1,36,3,0.211,0.279,0.331,1,1,千葉ロッテ,2025,25
石垣　雅海,20,20,14,0,2,1,0,0,3,0,1,0,4,0,5,0,0.143,0.333,0.214,2,0,千葉ロッテ,2025,28
宮崎　竜成,39,110,98,7,19,3,0,0,22,3,1,0,3,4,31,1,0.194,0.248,0.224,5,0,千葉ロッテ,2025,25
立松　由宇,4,6,6,0,0,0,0,0,0,0,0,0,0,0,3,0,0,0,0,0,0,千葉ロッテ,2025,27
小川　龍成,87,202,178,14,47,2,0,0,49,13,9,3,12,3,33,4,0.264,0.32,0.275,8,1,千葉ロッテ,2025,28
茶谷　健太,43,41,36,3,8,2,0,0,10,2,0,0,3,0,9,0,0.222,0.282,0.278,2,0,千葉ロッテ,2025,28
ソト,102,367,330,31,76,14,0,13,129,44,0,0,32,3,98,6,0.23,0.302,0.391,0,2,千葉ロッテ,2025,37
藤原　恭大,107,452,409,38,111,12,6,4,147,24,15,6,33,6,80,3,0.271,0.335,0.359,4,0,千葉ロッテ,2025,26
角中　勝也,27,53,42,3,7,0,0,1,10,5,1,0,8,0,9,0,0.167,0.294,0.238,2,1,千葉ロッテ,2025,39
西川　史礁,108,444,417,42,117,27,3,3,159,37,1,0,16,8,85,6,0.281,0.318,0.381,0,3,千葉ロッテ,2025,23
ポランコ,39,154,139,13,28,3,0,5,46,13,0,0,14,0,35,1,0.201,0.273,0.331,0,1,千葉ロッテ,2025,35
石川　慎吾,14,36,35,2,3,1,0,0,4,3,0,0,1,0,11,0,0.086,0.111,0.114,0,0,千葉ロッテ,2025,33
岡　大海,65,181,157,17,43,6,1,2,57,18,3,1,16,6,36,1,0.274,0.363,0.363,2,0,千葉ロッテ,2025,35
髙部　瑛斗,111,384,357,49,102,15,7,2,137,34,20,4,14,3,49,3,0.286,0.314,0.384,5,5,千葉ロッテ,2025,28
愛斗,17,20,15,2,2,1,0,0,3,1,0,0,0,1,5,0,0.133,0.188,0.2,4,0,千葉ロッテ,2025,29
山口　航輝,35,112,106,11,27,2,0,7,50,24,1,1,5,0,37,3,0.255,0.286,0.472,0,1,千葉ロッテ,2025,26
山本　大斗,107,417,385,40,79,18,0,11,130,33,2,0,24,6,112,13,0.205,0.262,0.338,1,1,千葉ロッテ,2025,24
和田　康士朗,17,10,8,4,1,1,0,0,2,1,0,1,1,0,2,0,0.125,0.2,0.25,0,1,千葉ロッテ,2025,27
アセベド,5,12,11,1,2,0,0,1,5,2,0,0,1,0,3,0,0.182,0.25,0.455,0,0,千葉ロッテ,2025,24
會澤　翼,24,55,43,4,5,1,0,0,6,1,0,1,7,2,16,1,0.116,0.269,0.14,3,0,広島東洋,2025,38
坂倉　将吾,104,399,345,29,82,26,1,5,125,37,1,0,43,4,72,8,0.238,0.327,0.362,4,3,広島東洋,2025,28
石原　貴規,51,116,104,4,20,4,0,0,24,3,0,0,4,3,29,3,0.192,0.243,0.231,5,0,広島東洋,2025,28
磯村　嘉孝,6,7,7,0,0,0,0,0,0,0,0,0,0,0,2,0,0,0,0,0,0,広島東洋,2025,34
清水　叶人,4,14,13,1,2,1,0,0,3,0,0,0,1,0,4,0,0.154,0.214,0.231,0,0,広島東洋,2025,22
羽月　隆太郎,74,119,105,26,31,2,2,0,37,4,17,5,13,0,29,0,0.295,0.373,0.352,1,0,広島東洋,2025,26
上本　崇司,21,31,27,1,5,1,0,0,6,0,0,0,2,0,8,1,0.185,0.241,0.222,2,0,広島東洋,2025,36
田中　広輔,15,44,34,2,5,0,0,0,5,0,0,2,9,1,7,0,0.147,0.341,0.147,0,0,広島東洋,2025,37
矢野　雅哉,112,335,284,24,59,6,1,1,70,19,2,3,27,6,69,1,0.208,0.288,0.246,16,2,広島東洋,2025,27
小園　海斗,138,573,521,51,161,24,4,3,202,47,12,7,42,5,47,9,0.309,0.365,0.388,3,2,広島東洋,2025,26
堂林　翔太,44,77,70,5,13,6,0,1,22,4,0,0,6,0,23,3,0.186,0.25,0.314,1,0,広島東洋,2025,35
佐々木　泰,54,187,181,11,49,2,1,0,53,6,2,0,5,1,23,6,0.271,0.294,0.293,0,0,広島東洋,2025,23
菊池　涼介,113,389,355,30,89,19,0,4,120,28,5,3,14,1,70,5,0.251,0.28,0.338,17,2,広島東洋,2025,36
林　晃汰,22,49,48,2,9,0,0,2,15,4,0,0,1,0,18,0,0.188,0.204,0.313,0,0,広島東洋,2025,26
渡邉　悠斗,2,8,8,0,1,0,0,0,1,1,0,0,0,0,0,0,0.125,0.125,0.125,0,0,広島東洋,2025,24
内田　湘大,6,10,9,0,2,1,0,0,3,0,0,0,1,0,4,0,0.222,0.3,0.333,0,0,広島東洋,2025,22
山足　達也,11,14,9,2,1,0,0,0,1,1,0,0,2,0,0,1,0.111,0.273,0.111,3,0,広島東洋,2025,33
前川　誠太,28,56,54,1,10,3,0,0,13,9,0,1,2,0,10,3,0.185,0.214,0.241,0,0,広島東洋,2025,23
佐藤　啓介,5,16,15,0,1,0,0,0,1,1,0,0,1,0,5,0,0.067,0.125,0.067,0,0,広島東洋,2025,25
モンテロ,105,396,368,23,94,21,1,9,144,41,0,0,23,2,89,11,0.255,0.301,0.391,0,3,広島東洋,2025,28
二俣　翔一,54,130,118,12,22,4,1,3,37,6,1,1,8,1,31,2,0.186,0.242,0.314,2,1,広島東洋,2025,24
秋山　翔吾,64,157,145,12,38,6,0,1,47,5,0,0,9,2,27,2,0.262,0.314,0.324,1,0,広島東洋,2025,38
野間　峻祥,79,166,154,10,38,3,2,0,45,15,2,1,10,1,30,3,0.247,0.295,0.292,0,1,広島東洋,2025,33
中村　健人,4,10,6,1,0,0,0,0,0,0,1,0,3,1,1,0,0,0.4,0,0,0,広島東洋,2025,29
末包　昇大,123,477,437,40,106,18,3,11,163,62,2,3,33,2,97,6,0.243,0.296,0.373,0,5,広島東洋,2025,30
松山　竜平,1,1,1,0,0,0,0,0,0,0,0,0,0,0,0,1,0,0,0,0,0,広島東洋,2025,41
久保　修,17,14,13,1,2,2,0,0,4,0,1,1,1,0,6,1,0.154,0.214,0.308,0,0,広島東洋,2025,26
大盛　穂,102,173,162,28,43,6,1,3,60,11,7,2,9,0,42,2,0.265,0.304,0.37,2,0,広島東洋,2025,30
田村　俊介,25,69,63,5,16,0,1,1,21,4,0,1,6,0,14,1,0.254,0.319,0.333,0,0,広島東洋,2025,23
ファビアン,138,572,539,60,149,30,0,17,230,65,2,3,22,9,84,8,0.276,0.315,0.427,0,2,広島東洋,2025,28
中村　奨成,104,368,344,43,97,21,3,9,151,33,2,6,17,3,48,2,0.282,0.321,0.439,3,1,広島東洋,2025,27
太田　光,111,231,188,14,33,7,2,1,47,12,0,0,23,5,47,6,0.176,0.281,0.25,14,1,東北楽天,2025,30
田中　貴也,12,5,3,0,1,0,0,0,1,0,0,0,1,0,2,0,0.333,0.5,0.333,1,0,東北楽天,2025,34
堀内　謙伍,76,194,168,16,43,3,1,3,57,18,1,0,17,0,39,3,0.256,0.323,0.339,8,1,東北楽天,2025,29
石原　彪,31,38,32,1,3,0,0,0,3,3,0,0,3,0,12,0,0.094,0.171,0.094,3,0,東北楽天,2025,27
小深田　大翔,124,357,299,36,65,5,2,1,77,14,28,8,40,1,65,1,0.217,0.311,0.258,16,1,東北楽天,2025,31
宗山　塁,122,460,430,32,112,19,3,3,146,27,7,0,20,1,82,10,0.26,0.289,0.34,0,9,東北楽天,2025,23
浅村　栄斗,96,389,331,27,79,13,1,9,121,34,1,0,51,6,81,11,0.239,0.35,0.366,0,1,東北楽天,2025,36
阿部　寿樹,43,129,105,11,23,5,1,3,39,8,1,1,22,0,31,1,0.219,0.352,0.371,1,1,東北楽天,2025,36
村林　一輝,137,557,513,41,144,14,0,3,167,51,6,2,28,3,102,14,0.281,0.32,0.326,10,3,東北楽天,2025,29
鈴木　大地,93,198,172,13,41,3,2,2,54,23,1,0,13,11,29,5,0.238,0.33,0.314,1,1,東北楽天,2025,37
ボイト,67,276,243,29,73,9,0,13,121,39,0,0,27,6,59,5,0.3,0.384,0.498,0,0,東北楽天,2025,35
フランコ,101,347,317,21,75,9,0,7,105,32,0,1,24,1,65,6,0.237,0.288,0.331,0,5,東北楽天,2025,34
黒川　史陽,83,343,301,32,90,8,1,4,112,33,1,1,35,2,56,4,0.299,0.372,0.372,2,3,東北楽天,2025,25
伊藤　裕季也,51,130,117,7,25,8,1,1,38,7,2,0,9,1,34,3,0.214,0.273,0.325,2,1,東北楽天,2025,30
渡邊　佳明,75,166,147,7,41,4,0,0,45,19,0,0,12,0,17,4,0.279,0.321,0.306,1,6,東北楽天,2025,29
入江　大樹,4,10,10,0,1,0,0,0,1,2,0,0,0,0,3,0,0.1,0.1,0.1,0,0,東北楽天,2025,24
小森　航大郎,33,80,76,8,15,1,0,1,19,3,5,0,2,1,21,1,0.197,0.225,0.25,0,1,東北楽天,2025,23
陽　柏翔,2,2,2,0,1,0,0,0,1,0,0,0,0,0,1,0,0.5,0.5,0.5,0,0,東北楽天,2025,21
辰己　涼介,114,422,367,36,88,12,2,7,125,32,20,0,40,9,91,12,0.24,0.325,0.341,1,5,東北楽天,2025,29
ゴンザレス,53,208,201,18,46,5,1,4,65,19,0,2,4,2,37,10,0.229,0.25,0.323,0,1,東北楽天,2025,28
田中　和基,19,18,18,5,1,0,0,0,1,1,1,0,0,0,8,0,0.056,0.056,0.056,0,0,東北楽天,2025,32
岡島　豪郎,1,1,1,0,1,0,0,0,1,0,0,0,0,0,0,0,1,1,1,0,0,東北楽天,2025,37
中島　大輔,124,491,462,51,123,11,5,6,162,31,22,4,17,2,75,4,0.266,0.294,0.351,8,2,東北楽天,2025,25
島内　宏明,5,11,10,0,0,0,0,0,0,0,0,0,1,0,3,0,0,0.091,0,0,0,東北楽天,2025,36
吉納　翼,2,3,3,0,0,0,0,0,0,0,0,0,0,0,2,0,0,0,0,0,0,東北楽天,2025,24
武藤　敦貴,62,130,108,21,22,3,2,0,29,10,3,2,14,2,31,0,0.204,0.302,0.269,4,2,東北楽天,2025,25
小郷　裕哉,90,193,173,18,30,7,2,2,47,12,11,0,16,1,54,0,0.173,0.245,0.272,1,2,東北楽天,2025,30
吉野　創士,5,13,13,0,3,0,0,0,3,2,0,0,0,0,2,1,0.231,0.231,0.231,0,0,東北楽天,2025,23
古賀　優大,87,291,264,16,74,11,0,2,91,16,2,0,12,4,23,14,0.28,0.319,0.345,9,2,東京ヤクルト,2025,28
中村　悠平,74,221,187,13,43,6,0,1,52,11,1,0,22,3,30,6,0.23,0.319,0.278,8,1,東京ヤクルト,2025,36
松本　直樹,18,36,34,0,6,1,0,0,7,0,0,0,2,0,7,3,0.176,0.222,0.206,0,0,東京ヤクルト,2025,33
内山　壮真,116,470,423,50,111,26,1,8,163,48,8,3,41,1,66,10,0.262,0.326,0.385,1,4,東京ヤクルト,2025,24
鈴木　叶,2,6,6,0,2,0,0,0,2,1,0,1,0,0,1,0,0.333,0.333,0.333,0,0,東京ヤクルト,2025,20
橋本　星哉,15,17,16,0,2,0,0,0,2,0,0,0,1,0,4,1,0.125,0.176,0.125,0,0,東京ヤクルト,2025,26
赤羽　由紘,103,290,258,22,54,11,1,2,73,19,5,3,18,0,66,2,0.209,0.259,0.283,12,2,東京ヤクルト,2025,26
山田　哲人,108,377,338,25,78,17,0,12,131,37,3,1,33,2,63,8,0.231,0.3,0.388,0,4,東京ヤクルト,2025,34
川端　慎吾,2,2,2,0,1,1,0,0,2,0,0,0,0,0,0,0,0.5,0.5,1,0,0,東京ヤクルト,2025,39
長岡　秀樹,67,261,247,20,60,14,2,0,78,13,1,0,8,1,21,6,0.243,0.267,0.316,3,2,東京ヤクルト,2025,25
茂木　栄五郎,53,172,150,12,36,2,0,5,53,16,0,3,19,2,48,2,0.24,0.333,0.353,1,0,東京ヤクルト,2025,32
宮本　丈,80,106,89,4,23,4,0,0,27,9,1,0,14,1,20,2,0.258,0.365,0.303,2,0,東京ヤクルト,2025,31
オスナ,141,574,528,38,135,22,0,14,199,67,4,1,40,1,76,13,0.256,0.307,0.377,0,5,東京ヤクルト,2025,31
西村　瑠伊斗,4,11,11,2,1,0,0,0,1,1,0,0,0,0,4,1,0.091,0.091,0.091,0,0,東京ヤクルト,2025,22
山野辺　翔,5,3,3,1,0,0,0,0,0,0,1,0,0,0,1,0,0,0,0,0,0,埼玉西武,2025,32
山野辺　翔,17,24,19,2,4,1,0,0,5,2,2,0,2,1,2,0,0.211,0.318,0.263,2,0,東京ヤクルト,2025,32
北村　拓己,62,132,116,9,22,3,0,3,34,7,0,1,6,4,29,1,0.19,0.254,0.293,6,0,東京ヤクルト,2025,31
北村　恵吾,46,141,120,15,32,10,0,5,57,19,0,1,15,4,20,3,0.267,0.364,0.475,1,1,東京ヤクルト,2025,25
田中　陽翔,6,13,13,3,4,2,0,0,6,2,0,0,0,0,3,0,0.308,0.308,0.462,0,0,東京ヤクルト,2025,20
村上　宗隆,56,224,187,34,51,7,0,22,124,47,4,2,32,2,64,1,0.273,0.379,0.663,0,3,東京ヤクルト,2025,26
武岡　龍世,47,119,104,6,19,5,0,1,27,5,1,0,7,0,23,0,0.183,0.232,0.26,7,1,東京ヤクルト,2025,25
伊藤　琉偉,87,204,184,17,38,6,2,3,57,17,3,1,12,0,56,1,0.207,0.254,0.31,7,1,東京ヤクルト,2025,24
並木　秀尊,54,128,114,26,29,6,1,3,46,10,6,2,6,2,15,0,0.254,0.303,0.404,6,0,東京ヤクルト,2025,27
西川　遥輝,49,134,115,10,20,3,1,0,25,6,1,0,16,1,32,1,0.174,0.28,0.217,2,0,東京ヤクルト,2025,34
丸山　和郁,39,36,32,6,4,0,0,0,4,2,3,1,2,0,12,0,0.125,0.176,0.125,2,0,東京ヤクルト,2025,27
塩見　泰隆,1,0,0,0,0,0,0,0,0,0,0,0,0,0,0,0,0,0,0,0,0,東京ヤクルト,2025,33
サンタナ,60,240,212,25,58,11,0,3,78,15,1,1,25,3,65,4,0.274,0.358,0.368,0,0,東京ヤクルト,2025,34
澤井　廉,27,77,75,3,14,4,0,1,21,3,0,0,1,1,27,1,0.187,0.208,0.28,0,0,東京ヤクルト,2025,26
太田　賢吾,44,131,118,11,27,6,0,0,33,6,0,0,6,4,28,0,0.229,0.285,0.28,1,2,東京ヤクルト,2025,29
濱田　太貴,34,104,95,13,21,6,0,4,39,9,0,0,5,4,26,1,0.221,0.288,0.411,0,0,東京ヤクルト,2025,26
増田　珠,75,132,116,9,27,4,2,1,38,11,1,0,10,4,19,2,0.233,0.315,0.328,2,0,東京ヤクルト,2025,27
岩田　幸宏,126,401,357,43,95,8,5,0,113,13,14,6,24,6,46,2,0.266,0.322,0.317,13,1,東京ヤクルト,2025,29
若月　健矢,121,400,368,30,100,16,2,6,138,31,2,0,16,7,61,7,0.272,0.314,0.375,8,1,オリックス,2025,31
森　友哉,50,191,161,16,33,8,0,1,44,14,0,0,26,3,31,0,0.205,0.325,0.273,0,1,オリックス,2025,31
福永　奨,39,74,66,5,10,2,1,1,17,6,0,0,4,2,23,1,0.152,0.219,0.258,1,1,オリックス,2025,27
石川　亮,1,1,1,0,0,0,0,0,0,0,0,0,0,0,1,0,0,0,0,0,0,オリックス,2025,31
頓宮　裕真,129,525,473,41,118,20,0,13,177,54,1,0,43,5,81,10,0.249,0.316,0.374,0,4,オリックス,2025,30
山中　稜真,19,52,49,2,6,1,1,1,12,3,0,0,3,0,9,2,0.122,0.173,0.245,0,0,オリックス,2025,25
堀　柊那,3,3,3,0,1,0,0,0,1,0,0,0,0,0,1,0,0.333,0.333,0.333,0,0,オリックス,2025,21
西野　真弘,75,252,230,27,66,9,3,7,102,35,0,0,15,1,17,4,0.287,0.333,0.443,6,0,オリックス,2025,36
宗　佑磨,98,388,349,33,82,12,1,6,114,28,3,4,26,9,48,4,0.235,0.304,0.327,3,1,オリックス,2025,30
野口　智哉,33,64,55,10,8,5,1,1,18,3,0,1,6,3,16,0,0.145,0.266,0.327,0,0,オリックス,2025,27
大城　滉二,66,79,68,12,17,0,0,0,17,6,2,0,6,1,20,0,0.25,0.32,0.25,4,0,オリックス,2025,33
紅林　弘太郎,116,447,400,36,104,20,1,9,153,43,1,2,35,3,57,15,0.26,0.321,0.383,4,5,オリックス,2025,24
廣岡　大志,118,453,402,43,102,15,1,7,140,34,9,7,39,0,90,9,0.254,0.317,0.348,8,4,オリックス,2025,29
太田　椋,113,496,448,42,127,10,0,10,167,52,0,2,33,5,102,12,0.283,0.337,0.373,6,4,オリックス,2025,25
横山　聖哉,2,2,2,0,0,0,0,0,0,0,0,0,0,0,1,0,0,0,0,0,0,オリックス,2025,21
ディアス,50,138,127,6,29,4,0,2,39,6,0,0,11,0,31,5,0.228,0.29,0.307,0,0,オリックス,2025,26
大里　昂生,46,101,85,12,19,0,2,0,23,7,4,2,11,0,15,0,0.224,0.309,0.271,4,1,オリックス,2025,27
中川　圭太,119,463,433,54,123,26,1,12,187,53,10,2,20,1,49,9,0.284,0.314,0.432,5,4,オリックス,2025,30
渡部　遼人,51,14,10,9,2,0,0,0,2,0,2,0,2,1,4,0,0.2,0.385,0.2,1,0,オリックス,2025,27
西川　龍馬,96,412,387,29,120,23,1,5,160,40,4,1,18,2,60,5,0.31,0.343,0.413,4,1,オリックス,2025,31
麦谷　祐介,79,153,134,23,31,4,2,1,42,10,12,6,16,1,39,0,0.231,0.316,0.313,1,1,オリックス,2025,24
元　謙太,31,10,7,6,1,0,0,0,1,0,0,0,2,0,3,0,0.143,0.333,0.143,1,0,オリックス,2025,24
杉澤　龍,14,16,15,0,3,1,0,0,4,2,0,1,0,0,4,0,0.2,0.2,0.267,1,0,オリックス,2025,26
オリバレス,11,35,33,1,6,1,0,0,7,0,1,0,2,0,8,0,0.182,0.229,0.212,0,0,オリックス,2025,30
来田　涼斗,50,135,124,14,29,5,0,2,40,5,5,0,7,1,38,1,0.234,0.278,0.323,2,1,オリックス,2025,24
茶野　篤政,3,12,12,0,2,0,0,0,2,0,0,0,0,0,0,0,0.167,0.167,0.167,0,0,オリックス,2025,27
福田　周平,23,64,54,2,9,1,0,0,10,3,1,0,4,0,9,2,0.167,0.224,0.185,6,0,オリックス,2025,34
杉本　裕太郎,119,455,401,48,104,15,2,16,171,53,1,0,38,9,123,8,0.259,0.332,0.426,0,7,オリックス,2025,35
古賀　悠斗,112,328,289,26,66,8,0,7,95,21,1,1,32,0,62,9,0.228,0.305,0.329,7,0,埼玉西武,2025,27
炭谷　銀仁朗,40,88,81,4,19,4,0,0,23,4,0,1,3,1,18,3,0.235,0.271,0.284,3,0,埼玉西武,2025,39
柘植　世那,13,17,16,2,2,0,0,0,2,0,0,0,1,0,4,0,0.125,0.176,0.125,0,0,埼玉西武,2025,29
牧野　翔矢,29,67,61,3,13,0,1,0,15,0,1,0,2,0,22,0,0.213,0.238,0.246,4,0,埼玉西武,2025,25
古市　尊,10,19,18,1,8,0,0,0,8,0,0,0,1,0,1,0,0.444,0.474,0.444,0,0,埼玉西武,2025,24
仲田　慶介,60,96,87,14,20,2,0,0,22,3,1,3,4,2,13,2,0.23,0.28,0.253,3,0,埼玉西武,2025,27
児玉　亮涼,60,53,47,9,8,2,0,0,10,3,1,2,4,1,9,0,0.17,0.25,0.213,1,0,埼玉西武,2025,28
齋藤　大翔,4,12,11,0,1,0,0,0,1,0,0,1,1,0,3,1,0.091,0.167,0.091,0,0,埼玉西武,2025,19
山野辺　翔,5,3,3,1,0,0,0,0,0,0,1,0,0,0,1,0,0,0,0,0,0,埼玉西武,2025,32
山野辺　翔,17,24,19,2,4,1,0,0,5,2,2,0,2,1,2,0,0.211,0.318,0.263,2,0,東京ヤクルト,2025,32
外崎　修汰,115,415,359,29,84,13,1,5,114,34,6,2,39,4,72,11,0.234,0.31,0.318,5,8,埼玉西武,2025,33
源田　壮亮,104,361,320,21,67,11,5,0,88,20,8,5,25,2,60,4,0.209,0.269,0.275,11,3,埼玉西武,2025,33
佐藤　龍世,23,77,66,5,13,3,0,0,16,3,1,0,8,0,20,2,0.197,0.28,0.242,2,1,中　日,2025,29
デービス,36,131,113,8,23,3,0,3,35,9,0,0,17,1,24,4,0.204,0.313,0.31,0,0,埼玉西武,2025,33
元山　飛優,49,93,85,3,13,8,0,0,21,5,0,0,1,0,15,1,0.153,0.163,0.247,7,0,埼玉西武,2025,27
山村　崇嘉,71,231,211,14,52,8,1,4,74,20,0,3,14,2,36,2,0.246,0.296,0.351,1,3,埼玉西武,2025,24
佐藤　太陽,13,34,30,2,5,1,1,0,8,3,0,0,2,1,7,0,0.167,0.242,0.267,1,0,埼玉西武,2025,24
平沢　大河,7,17,17,1,1,1,0,0,2,0,0,0,0,0,4,0,0.059,0.059,0.118,0,0,埼玉西武,2025,28
セデーニョ,74,243,224,13,51,6,1,7,80,26,0,0,15,2,50,9,0.228,0.28,0.357,0,2,埼玉西武,2025,28
髙松　渡,27,19,17,4,1,0,0,0,1,0,7,1,0,0,8,0,0.059,0.059,0.059,2,0,埼玉西武,2025,27
中村　剛也,44,110,96,3,23,5,0,3,37,10,0,0,13,1,28,2,0.24,0.336,0.385,0,0,埼玉西武,2025,43
滝澤　夏央,125,438,385,31,90,4,0,0,94,14,21,7,28,2,67,2,0.234,0.289,0.244,23,0,埼玉西武,2025,23
野村　大樹,13,36,35,1,6,1,0,0,7,2,0,0,0,0,9,0,0.171,0.171,0.2,1,0,埼玉西武,2025,26
村田　怜音,23,85,82,3,16,4,0,2,26,9,0,0,2,1,32,2,0.195,0.224,0.317,0,0,埼玉西武,2025,25
栗山　巧,11,23,23,0,2,0,0,0,2,0,0,0,0,0,7,1,0.087,0.087,0.087,0,0,埼玉西武,2025,43
渡部　聖弥,109,452,425,42,110,16,3,12,168,43,2,3,21,4,85,11,0.259,0.299,0.395,0,2,埼玉西武,2025,24
蛭間　拓哉,12,37,34,0,6,0,0,0,6,0,0,0,1,0,8,0,0.176,0.2,0.176,2,0,埼玉西武,2025,26
ネビン,137,570,509,51,141,24,0,21,228,63,2,1,45,11,78,13,0.277,0.346,0.448,0,5,埼玉西武,2025,29
平沼　翔太,60,164,156,13,34,3,1,0,39,11,5,0,4,2,32,0,0.218,0.245,0.25,1,1,埼玉西武,2025,29
古川　雄大,5,16,12,1,1,0,0,0,1,0,0,1,4,0,4,1,0.083,0.313,0.083,0,0,埼玉西武,2025,22
松原　聖弥,8,24,22,1,6,1,0,0,7,0,0,0,0,0,6,0,0.273,0.273,0.318,2,0,埼玉西武,2025,31
西川　愛也,124,553,507,64,134,26,3,10,196,38,25,7,32,9,80,4,0.264,0.318,0.387,2,3,埼玉西武,2025,27
仲三河　優太,5,10,9,0,2,0,1,0,4,5,0,0,0,0,6,0,0.222,0.2,0.444,0,1,埼玉西武,2025,24
長谷川　信哉,132,450,400,42,90,16,3,6,130,36,9,4,33,3,56,11,0.225,0.286,0.325,9,5,埼玉西武,2025,24
岸　潤一郎,10,31,30,2,5,3,0,0,8,0,0,0,1,0,3,0,0.167,0.194,0.267,0,0,埼玉西武,2025,29
モンテル,12,11,11,1,1,0,0,0,1,0,1,0,0,0,5,0,0.091,0.091,0.091,0,0,埼玉西武,2025,26
松尾　汐恩,77,191,176,19,44,5,0,4,61,18,1,1,9,3,17,8,0.25,0.293,0.347,0,3,横浜DeNA,2025,22
戸柱　恭孝,45,100,95,5,23,4,0,2,33,6,0,0,2,0,15,5,0.242,0.253,0.347,1,2,横浜DeNA,2025,36
伊藤　光,6,9,9,0,0,0,0,0,0,0,0,0,0,0,4,0,0,0,0,0,0,横浜DeNA,2025,37
山本　祐大,104,344,313,22,82,19,2,3,114,41,0,0,16,4,40,5,0.262,0.3,0.364,4,7,横浜DeNA,2025,28
東妻　純平,4,6,6,1,1,0,0,0,1,0,0,0,0,0,4,0,0.167,0.167,0.167,0,0,横浜DeNA,2025,25
九鬼　隆平,12,12,12,0,3,0,1,0,5,0,0,0,0,0,3,0,0.25,0.25,0.417,0,0,横浜DeNA,2025,28
林　琢真,95,290,258,35,63,11,1,2,82,20,11,4,19,2,54,4,0.244,0.297,0.318,7,4,横浜DeNA,2025,26
牧　秀悟,93,391,364,48,101,24,0,16,173,49,3,4,16,10,76,6,0.277,0.325,0.475,0,1,横浜DeNA,2025,28
オースティン,65,246,219,35,59,14,0,11,106,28,0,0,26,1,45,10,0.269,0.35,0.484,0,0,横浜DeNA,2025,35
森　敬斗,28,75,72,4,11,0,1,0,13,4,0,2,2,0,16,1,0.153,0.173,0.181,0,1,横浜DeNA,2025,24
京田　陽太,83,210,194,21,42,5,1,1,52,14,1,0,9,4,60,3,0.216,0.264,0.268,2,1,横浜DeNA,2025,32
三森　大貴,91,179,160,23,34,9,0,0,43,10,22,8,17,0,32,1,0.213,0.287,0.269,1,1,横浜DeNA,2025,27
柴田　竜拓,70,32,22,4,2,0,0,0,2,0,1,1,4,0,6,0,0.091,0.231,0.091,6,0,横浜DeNA,2025,32
加藤　響,9,18,17,2,3,0,0,0,3,0,0,0,1,0,6,0,0.176,0.222,0.176,0,0,横浜DeNA,2025,24
石上　泰輝,73,158,141,15,34,9,0,2,49,16,3,2,14,1,42,2,0.241,0.314,0.348,2,0,横浜DeNA,2025,25
宮﨑　敏郎,95,352,321,25,89,16,1,6,125,39,0,0,28,1,42,14,0.277,0.335,0.389,0,2,横浜DeNA,2025,37
井上　絢登,12,31,29,2,5,0,0,2,11,7,0,0,1,0,6,0,0.172,0.194,0.379,0,1,横浜DeNA,2025,26
田内　真翔,2,2,2,0,1,0,0,0,1,0,0,0,0,0,0,0,0.5,0.5,0.5,0,0,横浜DeNA,2025,19
知野　直人,8,20,17,3,3,1,0,1,7,2,0,1,3,0,2,0,0.176,0.3,0.412,0,0,横浜DeNA,2025,27
ビシエド,43,90,81,8,21,4,0,2,31,6,0,0,6,2,8,3,0.259,0.322,0.383,0,1,横浜DeNA,2025,37
フォード,25,51,46,1,9,1,0,0,10,1,0,0,5,0,13,0,0.196,0.275,0.217,0,0,横浜DeNA,2025,34
桑原　将志,106,447,398,48,113,17,2,6,152,27,10,0,30,9,59,5,0.284,0.348,0.382,10,0,横浜DeNA,2025,33
度会　隆輝,86,301,270,24,65,10,2,6,97,25,0,1,24,1,36,5,0.241,0.303,0.359,4,2,横浜DeNA,2025,24
佐野　恵太,138,569,525,47,144,24,0,15,213,70,0,0,34,5,61,13,0.274,0.322,0.406,0,5,横浜DeNA,2025,31
神里　和毅,62,27,26,5,8,1,2,0,13,2,3,0,1,0,8,0,0.308,0.333,0.5,0,0,横浜DeNA,2025,32
筒香　嘉智,75,257,224,29,51,12,0,20,123,43,0,0,33,0,59,7,0.228,0.327,0.549,0,0,横浜DeNA,2025,35
勝又　温史,7,9,9,0,3,0,0,0,3,0,0,0,0,0,1,0,0.333,0.333,0.333,0,0,横浜DeNA,2025,26
梶原　昂希,61,170,163,21,40,9,1,2,57,10,6,3,4,2,51,1,0.245,0.271,0.35,0,1,横浜DeNA,2025,27
蝦名　達夫,115,401,348,53,99,21,1,8,146,41,5,4,31,11,68,5,0.284,0.355,0.42,4,7,横浜DeNA,2025,29
関根　大気,9,23,23,2,4,3,0,0,7,1,0,0,0,0,2,1,0.174,0.174,0.304,0,0,横浜DeNA,2025,31
